director_name,actor_1_name,actor_2_name,actor_3_name,genres,movie_title,comb
Joachim Rønning Espen Sandberg,Johnny Depp,Javier Bardem,Geoffrey Rush,Adventure Action Fantasy Comedy,pirates of the caribbean: dead men tell no tales,Johnny DeppJavier BardemGeoffrey RushJoachim Rønning Espen SandbergAdventure Action Fantasy Comedy
Zack Snyder,Ben Affleck,Henry Cavill,Gal Gadot,Action Adventure Fantasy Sci-Fi,justice league,Ben AffleckHenry CavillGal GadotZack SnyderAction Adventure Fantasy Sci-Fi
Taika Waititi,Chris Hemsworth,Tom Hiddleston,Cate Blanchett,Action Adventure Fantasy Sci-Fi,thor: ragnarok,Chris HemsworthTom HiddlestonCate BlanchettTaika WaititiAction Adventure Fantasy Sci-Fi
James Gunn,Chris Pratt,Zoe Saldana,Dave Bautista,Action Adventure Comedy Sci-Fi,guardians of the galaxy vol. 2,Chris PrattZoe SaldanaDave BautistaJames GunnAction Adventure Comedy Sci-Fi
Sean McNamara,Pierce Brosnan,William Hurt,Benjamin Walker,Fantasy Action Adventure,the king's daughter,Pierce BrosnanWilliam HurtBenjamin WalkerSean McNamaraFantasy Action Adventure
Adam Spinks,Ben Loyd-Holmes,Sarah Mac,Neil Newbon,Thriller Adventure,extinction: nature has evolved,Ben Loyd-HolmesSarah MacNeil NewbonAdam SpinksThriller Adventure
Rucha Humnabadkar,Ali Fazal,Melanie Chandra,Omi Vaidya,Drama Comedy,for here or to go?,Ali FazalMelanie ChandraOmi VaidyaRucha HumnabadkarDrama Comedy
Sarik Andreasyan,Anton Pampushnyy,Sanzhar Madiyev,Sebastien Sisak,Action Fantasy Sci-Fi,guardians,Anton PampushnyySanzhar MadiyevSebastien SisakSarik AndreasyanAction Fantasy Sci-Fi
Peter Hutchings,Victoria Justice,Eden Sher,Ashley Rickards,Comedy,the outcasts,Victoria JusticeEden SherAshley RickardsPeter HutchingsComedy
Patty Jenkins,Gal Gadot,Chris Pine,Robin Wright,Action Adventure Fantasy,wonder woman,Gal GadotChris PineRobin WrightPatty JenkinsAction Adventure Fantasy
Kevin Munroe,Chris Murphy,Ian James Corlett,Matt Olsen,Animation Adventure Comedy Action Family,sly cooper,Chris MurphyIan James CorlettMatt OlsenKevin MunroeAnimation Adventure Comedy Action Family
James Ponsoldt,Emma Watson,Tom Hanks,John Boyega,Drama Thriller Sci-Fi,the circle,Emma WatsonTom HanksJohn BoyegaJames PonsoldtDrama Thriller Sci-Fi
Trish Sie,Anna Kendrick,Rebel Wilson,Brittany Snow,Comedy,pitch perfect 3,Anna KendrickRebel WilsonBrittany SnowTrish SieComedy
unknown,Donnie Yen,unknown,unknown,unknown,the master,Donnie Yenunknownunknownunknownunknown
Sean Byrne,Ethan Embry,Shiri Appleby,Kiara Glasco,Horror,the devil's candy,Ethan EmbryShiri ApplebyKiara GlascoSean ByrneHorror
Roberto Doveris,Violeta Castillo,Ingrid Isensee,Mauricio Vaca,Drama,las plantas,Violeta CastilloIngrid IsenseeMauricio VacaRoberto DoverisDrama
Lloyd Kaufman,Asta Paredes,Catherine Corcoran,Zac Amino,Comedy Horror,"return to return to nuke 'em high, aka volume 2",Asta ParedesCatherine CorcoranZac AminoLloyd KaufmanComedy Horror
David Jackson,Amanda Leighton,Samantha Boscarino,Hannah Kasulka,TV Movie Thriller,the cheerleader murders,Amanda LeightonSamantha BoscarinoHannah KasulkaDavid JacksonTV Movie Thriller
Demetri Martin,Demetri Martin,Gillian Jacobs,Christine Woods,Comedy,dean,Demetri MartinGillian JacobsChristine WoodsDemetri MartinComedy
Alexandre Bustillo Julien Maury,Stephen Dorff,Lili Taylor,Sam Strike,Horror,leatherface,Stephen DorffLili TaylorSam StrikeAlexandre Bustillo Julien MauryHorror
Johannes Roberts,Claire Holt,Mandy Moore,Chris Johnson,Drama Thriller Horror Adventure,47 meters down,Claire HoltMandy MooreChris JohnsonJohannes RobertsDrama Thriller Horror Adventure
Gabe Klinger,Lucie Lucas,Anton Yelchin,Paulo Calatré,Romance Drama,porto,Lucie LucasAnton YelchinPaulo CalatréGabe KlingerRomance Drama
Aaron Leong,Sean O'Donnell,Alexandria DeBerry,Gary Busey,Comedy Drama Family Fantasy Romance Sci-Fi,mamaboy,Sean O'DonnellAlexandria DeBerryGary BuseyAaron LeongComedy Drama Family Fantasy Romance Sci-Fi
Olivia Neergaard-Holm Jon Nguyen Rick Barnes,David Lynch,unknown,unknown,Documentary,david lynch: the art life,David LynchunknownunknownOlivia Neergaard-Holm Jon Nguyen Rick BarnesDocumentary
Terry George,Oscar Isaac,Charlotte Le Bon,Christian Bale,History Romance Drama,the promise,Oscar IsaacCharlotte Le BonChristian BaleTerry GeorgeHistory Romance Drama
Benny Boom,Demetrius Shipp Jr.,Danai Gurira,Kat Graham,Drama Music,all eyez on me,Demetrius Shipp Jr.Danai GuriraKat GrahamBenny BoomDrama Music
Nacho Vigalondo,Anne Hathaway,Jason Sudeikis,Tim Blake Nelson,Action Comedy Drama Fantasy Sci-Fi,colossal,Anne HathawayJason SudeikisTim Blake NelsonNacho VigalondoAction Comedy Drama Fantasy Sci-Fi
Terrence Malick,Cate Blanchett,Konstantin Khabenskiy,unknown,Documentary Drama,voyage of time: life's journey,Cate BlanchettKonstantin KhabenskiyunknownTerrence MalickDocumentary Drama
Derrick Borte,Jonathan Rhys Meyers,Daniel Huttlestone,Dougray Scott,Drama Music,london town,Jonathan Rhys MeyersDaniel HuttlestoneDougray ScottDerrick BorteDrama Music
Martin Koolhoven,Guy Pearce,Dakota Fanning,Carice van Houten,Mystery Thriller Western,brimstone,Guy PearceDakota FanningCarice van HoutenMartin KoolhovenMystery Thriller Western
Alex Helfrecht Jörg Tittel,Agyness Deyn,Jonathan Pryce,Fiona Shaw,Drama Sci-Fi,the white king,Agyness DeynJonathan PryceFiona ShawAlex Helfrecht Jörg TittelDrama Sci-Fi
Laura Poitras,Julian Assange,Sarah Harrison,Jacob Appelbaum,Documentary,risk,Julian AssangeSarah HarrisonJacob AppelbaumLaura PoitrasDocumentary
Sara Jordenö,unknown,unknown,unknown,Documentary,kiki,unknownunknownunknownSara JordenöDocumentary
Eddie O'Keefe,Emily Browning,Luke Grimes,Ron Livingston,Romance Drama Crime,shangri-la suite,Emily BrowningLuke GrimesRon LivingstonEddie O'KeefeRomance Drama Crime
Ralitza Petrova,Irena Ivanova,Ivan Nalbantov,Ventzislav Konstantinov,Drama,godless,Irena IvanovaIvan NalbantovVentzislav KonstantinovRalitza PetrovaDrama
Peter Chelsom,Asa Butterfield,Britt Robertson,Carla Gugino,Romance Adventure Sci-Fi Drama,the space between us,Asa ButterfieldBritt RobertsonCarla GuginoPeter ChelsomRomance Adventure Sci-Fi Drama
Sonia Kennebeck,Jesselyn Radack,unknown,unknown,Documentary,national bird,Jesselyn RadackunknownunknownSonia KennebeckDocumentary
Raoul Peck,Samuel L. Jackson,James Baldwin,Malcolm X,Documentary,i am not your negro,Samuel L. JacksonJames BaldwinMalcolm XRaoul PeckDocumentary
Ceyda Torun,Bülent Üstün,unknown,unknown,Documentary,kedi,Bülent ÜstünunknownunknownCeyda TorunDocumentary
Lasse Hallström,Dennis Quaid,Britt Robertson,Josh Gad,Comedy Drama Family Fantasy,a dog's purpose,Dennis QuaidBritt RobertsonJosh GadLasse HallströmComedy Drama Family Fantasy
Julian Rosefeldt,Cate Blanchett,Erika Bauer,Ruby Bustamante,Drama,manifesto,Cate BlanchettErika BauerRuby BustamanteJulian RosefeldtDrama
Jeff Baena,Alison Brie,Dave Franco,Aubrey Plaza,Comedy,the little hours,Alison BrieDave FrancoAubrey PlazaJeff BaenaComedy
Richie Keen,Charlie Day,Ice Cube,Tracy Morgan,Comedy,fist fight,Charlie DayIce CubeTracy MorganRichie KeenComedy
Baran bo Odar,Jamie Foxx,Michelle Monaghan,Dermot Mulroney,Action Crime Thriller,sleepless,Jamie FoxxMichelle MonaghanDermot MulroneyBaran bo OdarAction Crime Thriller
Gore Verbinski,Dane DeHaan,Jason Isaacs,Mia Goth,Mystery Thriller Horror Sci-Fi,a cure for wellness,Dane DeHaanJason IsaacsMia GothGore VerbinskiMystery Thriller Horror Sci-Fi
Charlotte Sieling,Jakob Oftebro,Ane Dahl Torp,Søren Malling,Drama Comedy,the man,Jakob OftebroAne Dahl TorpSøren MallingCharlotte SielingDrama Comedy
D.J. Caruso,Vin Diesel,Ice Cube,Samuel L. Jackson,Action Adventure Crime,xxx: return of xander cage,Vin DieselIce CubeSamuel L. JacksonD.J. CarusoAction Adventure Crime
Stacy Title,Douglas Smith,Lucien Laviscount,Cressida Bonas,Horror Thriller,the bye bye man,Douglas SmithLucien LaviscountCressida BonasStacy TitleHorror Thriller
Alice Lowe,Alice Lowe,Jo Hartley,Kate Dickie,Horror Comedy Drama Thriller Fantasy,prevenge,Alice LoweJo HartleyKate DickieAlice LoweHorror Comedy Drama Thriller Fantasy
Chris McKay,Will Arnett,Zach Galifianakis,Michael Cera,Action Animation Comedy Family Fantasy,the lego batman movie,Will ArnettZach GalifianakisMichael CeraChris McKayAction Animation Comedy Family Fantasy
Stephan Streker,Lina El Arabi,Sébastien Houbani,Babak Karimi,Drama,a wedding,Lina El ArabiSébastien HoubaniBabak KarimiStephan StrekerDrama
Stanley Tong,Jackie Chan,Disha Patani,Sonu Sood,Mystery Action Adventure Comedy,kung fu yoga,Jackie ChanDisha PataniSonu SoodStanley TongMystery Action Adventure Comedy
Vishal Bhardwaj,Saif Ali Khan,Shahid Kapoor,Kangana Ranaut,War History Drama Romance,rangoon,Saif Ali KhanShahid KapoorKangana RanautVishal BhardwajWar History Drama Romance
G.J. Echternkamp,Manu Bennett,Malcolm McDowell,Marci Miller,Action Comedy Sci-Fi,death race 2050,Manu BennettMalcolm McDowellMarci MillerG.J. EchternkampAction Comedy Sci-Fi
Adam Smith,Michael Fassbender,Brendan Gleeson,Lyndsey Marshal,Action Drama Crime Thriller,trespass against us,Michael FassbenderBrendan GleesonLyndsey MarshalAdam SmithAction Drama Crime Thriller
Lisa Robinson Annie J. Howell,Betsy Brandt,Chris Beetem,Zev Haworth,Drama,claire in motion,Betsy BrandtChris BeetemZev HaworthLisa Robinson Annie J. HowellDrama
Emily Hagins,Alex Saxon,Alexis G. Zall,Sasha Pieterse,Family Crime,coin heist,Alex SaxonAlexis G. ZallSasha PieterseEmily HaginsFamily Crime
F. Javier Gutiérrez,Matilda Anna Ingrid Lutz,Alex Roe,Johnny Galecki,Horror,rings,Matilda Anna Ingrid LutzAlex RoeJohnny GaleckiF. Javier GutiérrezHorror
Alistair Legrand,Vinessa Shaw,Kevin Rahm,Aaron Stanford,Thriller,clinical,Vinessa ShawKevin RahmAaron StanfordAlistair LegrandThriller
Jeannie Gaffigan,Jim Gaffigan,unknown,unknown,Comedy,jim gaffigan: cinco,Jim GaffiganunknownunknownJeannie GaffiganComedy
Bruno Garotti,Michel Joelsas,Alessandra Negrini,Marcello Airoldi,Comedy,eu fico loko,Michel JoelsasAlessandra NegriniMarcello AiroldiBruno GarottiComedy
Aram Rappaport,Frank Grillo,Minnie Driver,AnnaSophia Robb,Crime Thriller,the crash,Frank GrilloMinnie DriverAnnaSophia RobbAram RappaportCrime Thriller
Tatsuya Oishi Akiyuki Shinbo,Hiroshi Kamiya,Yui Horie,Maaya Sakamoto,Animation Fantasy Mystery,kizumonogatari part 3: reiketsu,Hiroshi KamiyaYui HorieMaaya SakamotoTatsuya Oishi Akiyuki ShinboAnimation Fantasy Mystery
Chad Stahelski,Keanu Reeves,Common,Laurence Fishburne,Thriller Action Crime,john wick: chapter 2,Keanu ReevesCommonLaurence FishburneChad StahelskiThriller Action Crime
Jordan Peele,Daniel Kaluuya,Allison Williams,Bradley Whitford,Mystery Thriller Horror,get out,Daniel KaluuyaAllison WilliamsBradley WhitfordJordan PeeleMystery Thriller Horror
James Mangold,Hugh Jackman,Patrick Stewart,Dafne Keen,Action Drama Sci-Fi,logan,Hugh JackmanPatrick StewartDafne KeenJames MangoldAction Drama Sci-Fi
Jordan Vogt-Roberts,Tom Hiddleston,Samuel L. Jackson,Brie Larson,Action Adventure Fantasy,kong: skull island,Tom HiddlestonSamuel L. JacksonBrie LarsonJordan Vogt-RobertsAction Adventure Fantasy
Pete Travis,Riz Ahmed,Billie Piper,James Floyd,Crime Drama Thriller,city of tiny lights,Riz AhmedBillie PiperJames FloydPete TravisCrime Drama Thriller
Danny Boyle,Ewan McGregor,Jonny Lee Miller,Ewen Bremner,Crime Drama,t2 trainspotting,Ewan McGregorJonny Lee MillerEwen BremnerDanny BoyleCrime Drama
Shane Abbess,Kellan Lutz,Daniel MacPherson,Isabel Lucas,Sci-Fi,science fiction volume one: the osiris child,Kellan LutzDaniel MacPhersonIsabel LucasShane AbbessSci-Fi
Ry Russo-Young,Zoey Deutch,Halston Sage,Logan Miller,Mystery Drama Thriller,before i fall,Zoey DeutchHalston SageLogan MillerRy Russo-YoungMystery Drama Thriller
Michael Showalter,Kumail Nanjiani,Zoe Kazan,Holly Hunter,Comedy Drama Romance,the big sick,Kumail NanjianiZoe KazanHolly HunterMichael ShowalterComedy Drama Romance
Matt Spicer,Aubrey Plaza,Elizabeth Olsen,O'Shea Jackson Jr.,Drama Comedy,ingrid goes west,Aubrey PlazaElizabeth OlsenO'Shea Jackson Jr.Matt SpicerDrama Comedy
Macon Blair,Melanie Lynskey,Elijah Wood,David Yow,Comedy Crime Drama Thriller,i don't feel at home in this world anymore,Melanie LynskeyElijah WoodDavid YowMacon BlairComedy Crime Drama Thriller
Guy Ritchie,Charlie Hunnam,Astrid Bergès-Frisbey,Jude Law,Action Drama Fantasy,king arthur: legend of the sword,Charlie HunnamAstrid Bergès-FrisbeyJude LawGuy RitchieAction Drama Fantasy
Bill Condon,Emma Watson,Dan Stevens,Luke Evans,Family Fantasy Romance,beauty and the beast,Emma WatsonDan StevensLuke EvansBill CondonFamily Fantasy Romance
Chester Tam,Stella Maeve,Andy Samberg,Josh Peck,Comedy,take the 10,Stella MaeveAndy SambergJosh PeckChester TamComedy
Tom McGrath,Alec Baldwin,Miles Bakshi,Jimmy Kimmel,Animation Comedy Family,the boss baby,Alec BaldwinMiles BakshiJimmy KimmelTom McGrathAnimation Comedy Family
Jay Oliva,Matt Ryan,Jason O'Mara,Camilla Luddington,Action Animation Fantasy Sci-Fi Thriller,justice league dark,Matt RyanJason O'MaraCamilla LuddingtonJay OlivaAction Animation Fantasy Sci-Fi Thriller
Sotiris Tsafoulias,Pigmalion Dadakaridis,Dimitris Katalifos,Manos Vakousis,Thriller Mystery,the other me,Pigmalion DadakaridisDimitris KatalifosManos VakousisSotiris TsafouliasThriller Mystery
Rahul Jain,unknown,unknown,unknown,Documentary,machines,unknownunknownunknownRahul JainDocumentary
Luca Guadagnino,Timothée Chalamet,Armie Hammer,Michael Stuhlbarg,Romance Drama,call me by your name,Timothée ChalametArmie HammerMichael StuhlbargLuca GuadagninoRomance Drama
Adam Randall,Bill Milner,Maisie Williams,Rory Kinnear,Action Crime Sci-Fi Thriller,iboy,Bill MilnerMaisie WilliamsRory KinnearAdam RandallAction Crime Sci-Fi Thriller
Salvatore Ficarra Valentino Picone,Salvatore Ficarra,Valentino Picone,Vincenzo Amato,Comedy,l'ora legale,Salvatore FicarraValentino PiconeVincenzo AmatoSalvatore Ficarra Valentino PiconeComedy
Onur Tukel,Sandra Oh,Anne Heche,Alicia Silverstone,Comedy Drama,catfight,Sandra OhAnne HecheAlicia SilverstoneOnur TukelComedy Drama
David Lowery,Casey Affleck,Rooney Mara,Will Oldham,Drama Fantasy Romance,a ghost story,Casey AffleckRooney MaraWill OldhamDavid LoweryDrama Fantasy Romance
Rupert Sanders,Scarlett Johansson,Michael Pitt,Pilou Asbæk,Action Sci-Fi Thriller,ghost in the shell,Scarlett JohanssonMichael PittPilou AsbækRupert SandersAction Sci-Fi Thriller
Matt Murphy,Dean O'Gorman,James Rolleston,Ashleigh Cummings,Action Comedy Crime,pork pie,Dean O'GormanJames RollestonAshleigh CummingsMatt MurphyAction Comedy Crime
Jay Karas,Bill Burr,unknown,unknown,Comedy,bill burr: walk your way out,Bill BurrunknownunknownJay KarasComedy
Karyn Kusama Jovanka Vuckovic Roxanne Benjamin St. Vincent,Natalie Brown,Melanie Lynskey,Breeda Wool,Horror,xx,Natalie BrownMelanie LynskeyBreeda WoolKaryn Kusama Jovanka Vuckovic Roxanne Benjamin St. VincentHorror
Shaad Ali,Aditya Roy Kapoor,Shraddha Kapoor,Leela Samson,Drama Romance,ok jaanu,Aditya Roy KapoorShraddha KapoorLeela SamsonShaad AliDrama Romance
James Foley,Dakota Johnson,Jamie Dornan,Eric Johnson,Drama Romance,fifty shades darker,Dakota JohnsonJamie DornanEric JohnsonJames FoleyDrama Romance
Craig Johnson,Woody Harrelson,Sandy Oian-Thomas,Shaun Brown,Drama Comedy,wilson,Woody HarrelsonSandy Oian-ThomasShaun BrownCraig JohnsonDrama Comedy
Fyodor Bondarchuk,Rinal Mukhametov,Sergey Garmash,Oleg Menshikov,Drama Romance Sci-Fi,attraction,Rinal MukhametovSergey GarmashOleg MenshikovFyodor BondarchukDrama Romance Sci-Fi
Pascal Bourdiaux,Jean Reno,Reem Kherici,Camille Chamoux,Comedy,family heist,Jean RenoReem KhericiCamille ChamouxPascal BourdiauxComedy
Caradog W. James,Katee Sackhoff,Lucy Boynton,Javier Botet,Horror,don't knock twice,Katee SackhoffLucy BoyntonJavier BotetCaradog W. JamesHorror
Ido Fluk,Dan Stevens,Malin Åkerman,Kerry Bishé,Drama,the ticket,Dan StevensMalin ÅkermanKerry BishéIdo FlukDrama
Ed Gass-Donnelly,Abbie Cornish,Dermot Mulroney,Diego Klattenhoff,Drama Thriller,lavender,Abbie CornishDermot MulroneyDiego KlattenhoffEd Gass-DonnellyDrama Thriller
Christopher Smith,Tye Sheridan,Bel Powley,Emory Cohen,Thriller,detour,Tye SheridanBel PowleyEmory CohenChristopher SmithThriller
Bill Purple,Jason Sudeikis,Maisie Williams,Jessica Biel,Drama,the book of love,Jason SudeikisMaisie WilliamsJessica BielBill PurpleDrama
Aki Kaurismäki,Sakari Kuosmanen,Sherwan Haji,Simon Al-Bazoon,Comedy Drama,the other side of hope,Sakari KuosmanenSherwan HajiSimon Al-BazoonAki KaurismäkiComedy Drama
Banks Tarver Ted Bourne Mary Robertson,Donald Trump,unknown,unknown,Documentary,trumped: inside the greatest political upset of all time,Donald TrumpunknownunknownBanks Tarver Ted Bourne Mary RobertsonDocumentary
Alex Grossman,Troy Doherty,Flavia Watson,Raychel Diane Weiner,Comedy,hickey,Troy DohertyFlavia WatsonRaychel Diane WeinerAlex GrossmanComedy
Вера Кричевская,unknown,unknown,unknown,Documentary,the man who was too free,unknownunknownunknownВера КричевскаяDocumentary
Arnaud des Pallières,Adèle Exarchopoulos,Adèle Haenel,Solène Rigot,Drama,orphan,Adèle ExarchopoulosAdèle HaenelSolène RigotArnaud des PallièresDrama
Martín Hodara,Ricardo Darín,Leonardo Sbaraglia,Laia Costa,Mystery Drama Crime Thriller,black snow,Ricardo DarínLeonardo SbaragliaLaia CostaMartín HodaraMystery Drama Crime Thriller
Neal Brennan,Neal Brennan,unknown,unknown,Comedy,neal brennan: 3 mics,Neal BrennanunknownunknownNeal BrennanComedy
Akiva Schaffer Scott Aukerman,Michael Bolton,Adam Scott,Sarah Shahi,Comedy Music,"michael bolton's big, sexy valentine's day special",Michael BoltonAdam ScottSarah ShahiAkiva Schaffer Scott AukermanComedy Music
Evan Oppenheimer,Brett Dalton,Emily Atack,Stana Katic,Adventure Drama Romance,lost in florence,Brett DaltonEmily AtackStana KaticEvan OppenheimerAdventure Drama Romance
Ben Browder,Gina Gershon,Sean Astin,Sammi Hanratty,Mystery Comedy Thriller Sci-Fi Fantasy,bad kids of crestview academy,Gina GershonSean AstinSammi HanrattyBen BrowderMystery Comedy Thriller Sci-Fi Fantasy
Sydney Sibilia,Edoardo Leo,Valerio Aprea,Stefano Fresi,Action Comedy Crime,smetto quando voglio: masterclass,Edoardo LeoValerio ApreaStefano FresiSydney SibiliaAction Comedy Crime
Oliver Schmitz,Andrea Riseborough,Steve Coogan,Deon Lotz,Drama,shepherds and butchers,Andrea RiseboroughSteve CooganDeon LotzOliver SchmitzDrama
James Franco,James Franco,Nat Wolff,Selena Gomez,Drama,in dubious battle,James FrancoNat WolffSelena GomezJames FrancoDrama
Cate Shortland,Teresa Palmer,Max Riemelt,Matthias Habich,Mystery Thriller Drama Horror,berlin syndrome,Teresa PalmerMax RiemeltMatthias HabichCate ShortlandMystery Thriller Drama Horror
Roland Vranik,unknown,unknown,unknown,Drama,the citizen,unknownunknownunknownRoland VranikDrama
Jenny Gage,Dusty Rose Ryan,Lena M.,Ginger Leigh Ryan,Documentary,all this panic,Dusty Rose RyanLena M.Ginger Leigh RyanJenny GageDocumentary
Joel David Moore,Frank Langella,Billy Crudup,Christina Applegate,Comedy Drama,youth in oregon,Frank LangellaBilly CrudupChristina ApplegateJoel David MooreComedy Drama
Terrence Malick,Michael Fassbender,Ryan Gosling,Rooney Mara,Drama Music Romance,song to song,Michael FassbenderRyan GoslingRooney MaraTerrence MalickDrama Music Romance
Marti Noxon,Lily Collins,Carrie Preston,Lili Taylor,Drama,to the bone,Lily CollinsCarrie PrestonLili TaylorMarti NoxonDrama
Michael Stephenson,Bob Odenkirk,Amber Tamblyn,Natasha Lyonne,Comedy Drama,girlfriend's day,Bob OdenkirkAmber TamblynNatasha LyonneMichael StephensonComedy Drama
Liu Jian,Yang Siming,Cao Kou,Ma Xiaofeng,Animation Crime,have a nice day,Yang SimingCao KouMa XiaofengLiu JianAnimation Crime
Anne Hamilton,Peyton Kennedy,Richard Schiff,Kip Pardue,Drama Thriller,american fable,Peyton KennedyRichard SchiffKip PardueAnne HamiltonDrama Thriller
Colin Dench,Katherine Ryan,unknown,unknown,Comedy,katherine ryan: in trouble,Katherine RyanunknownunknownColin DenchComedy
Marc Rothemund,Kostja Ullmann,Anna Maria Mühe,Jacob Matschenz,Comedy,my blind date with life,Kostja UllmannAnna Maria MüheJacob MatschenzMarc RothemundComedy
Mirjana Karanović,Mirjana Karanović,Boris Isaković,Marko Nikolić,Drama,a good wife,Mirjana KaranovićBoris IsakovićMarko NikolićMirjana KaranovićDrama
Agnieszka Holland,Agnieszka Mandat-Grabka,Wiktor Zborowski,Jakub Gierszał,Crime Drama Mystery Thriller,spoor,Agnieszka Mandat-GrabkaWiktor ZborowskiJakub GierszałAgnieszka HollandCrime Drama Mystery Thriller
Francis Lee,Josh O'Connor,Alec Secareanu,Ian Hart,Romance Drama,god's own country,Josh O'ConnorAlec SecareanuIan HartFrancis LeeRomance Drama
Sebastián Lelio,Daniela Vega,Francisco Reyes,Luis Gnecco,Drama,a fantastic woman,Daniela VegaFrancisco ReyesLuis GneccoSebastián LelioDrama
Teresa Villaverde,João Pedro Vaz,Alice Albergaria Borges,Beatriz Batarda,Drama,colo,João Pedro VazAlice Albergaria BorgesBeatriz BatardaTeresa VillaverdeDrama
Călin Peter Netzer,Mircea Postelnicu,Diana Cavallioti,Carmen Tănase,Drama,"ana, my love",Mircea PostelnicuDiana CavalliotiCarmen TănaseCălin Peter NetzerDrama
Rezo Gigineishvili,Irakli Kvirikadze,Tinatin Dalakishvili,Merab Ninidze,Drama,hostages,Irakli KvirikadzeTinatin DalakishviliMerab NinidzeRezo GigineishviliDrama
So Yong Kim,Jena Malone,Riley Keough,Jessie Ok Gray,Drama Romance,lovesong,Jena MaloneRiley KeoughJessie Ok GraySo Yong KimDrama Romance
Lance Bangs,Jen Kirkman,unknown,unknown,Comedy,jen kirkman: just keep livin',Jen KirkmanunknownunknownLance BangsComedy
Vladimir Besedin,Aleksandr Gorbatov,Ivan Fominov,Anton Kuznetsov,Action Adventure Sci-Fi Drama,major grom,Aleksandr GorbatovIvan FominovAnton KuznetsovVladimir BesedinAction Adventure Sci-Fi Drama
Peter W. Kunhardt Brian Oakes,Warren Buffett,Susan Buffett,Bill Gates,Documentary,becoming warren buffett,Warren BuffettSusan BuffettBill GatesPeter W. Kunhardt Brian OakesDocumentary
Catalina Aguilar Mastretta,Karla Souza,José María Yazpik,Ben O'Toole,Romance Comedy,everybody loves somebody,Karla SouzaJosé María YazpikBen O'TooleCatalina Aguilar MastrettaRomance Comedy
Dany Boon,Alice Pol,Dany Boon,Michel Blanc,Action Comedy,r.a.i.d. special unit,Alice PolDany BoonMichel BlancDany BoonAction Comedy
Leslie Libman,Natasha Bassett,Jenna Berman,Matthew Harrison,Drama TV Movie,britney ever after,Natasha BassettJenna BermanMatthew HarrisonLeslie LibmanDrama TV Movie
Gil Cunha,Nick Cannon,unknown,unknown,Comedy,"nick cannon: stand up, don't shoot",Nick CannonunknownunknownGil CunhaComedy
Kerstin Karlhuber,Tom Wopat,Michael Grant,Gregory Harrison,Family Drama,fair haven,Tom WopatMichael GrantGregory HarrisonKerstin KarlhuberFamily Drama
Barak Goodman,unknown,unknown,unknown,Documentary,oklahoma city,unknownunknownunknownBarak GoodmanDocumentary
Alexandre Arpentinier Mathieu Blanchys Lola Grand Tristan Lamarca Thomas Lemaille Jean-Charles Lusseau,Benoît Allemane,Gabriel Bismuth-Bienaimé,unknown,Animation Comedy Sci-Fi,asteria,Benoît AllemaneGabriel Bismuth-BienaiméunknownAlexandre Arpentinier Mathieu Blanchys Lola Grand Tristan Lamarca Thomas Lemaille Jean-Charles LusseauAnimation Comedy Sci-Fi
Destin Cretton,Brie Larson,Woody Harrelson,Naomi Watts,Drama,the glass castle,Brie LarsonWoody HarrelsonNaomi WattsDestin CrettonDrama
Thomas Torrey,Thomas Torrey,Katherine Drew,J.R. Adduci,Drama Thriller,fare,Thomas TorreyKatherine DrewJ.R. AdduciThomas TorreyDrama Thriller
Dome Karukoski,Pekka Strang,Lauri Tilkanen,Jakob Oftebro,Drama,tom of finland,Pekka StrangLauri TilkanenJakob OftebroDome KarukoskiDrama
Scott Freiman,Scott Freiman,Janet Maslin,unknown,unknown,deconstructing sgt. pepper's lonely hearts club band,Scott FreimanJanet MaslinunknownScott Freimanunknown
Kris Avedisian,Louisa Krause,Allie Marshall,Ariana DeFusco,Drama Comedy,donald cried,Louisa KrauseAllie MarshallAriana DeFuscoKris AvedisianDrama Comedy
Mike Dudko,Rachel Barrer,Gleb Kaminer,Shaun Rey,Horror Comedy,zombie pizza,Rachel BarrerGleb KaminerShaun ReyMike DudkoHorror Comedy
Lone Scherfig,Gemma Arterton,Sam Claflin,Bill Nighy,Romance War Comedy Drama,their finest,Gemma ArtertonSam ClaflinBill NighyLone ScherfigRomance War Comedy Drama
Joseph Ruben,Michiel Huisman,Hera Hilmar,Josh Hartnett,Romance Drama War,the ottoman lieutenant,Michiel HuismanHera HilmarJosh HartnettJoseph RubenRomance Drama War
William Oldroyd,Florence Pugh,Cosmo Jarvis,Paul Hilton,Drama,lady macbeth,Florence PughCosmo JarvisPaul HiltonWilliam OldroydDrama
Ritesh Batra,Jim Broadbent,Charlotte Rampling,Harriet Walter,Mystery Drama,the sense of an ending,Jim BroadbentCharlotte RamplingHarriet WalterRitesh BatraMystery Drama
Susan Johnson,Bel Powley,Nathan Lane,Gabriel Byrne,Drama Comedy,carrie pilby,Bel PowleyNathan LaneGabriel ByrneSusan JohnsonDrama Comedy
James Franco Pamela Romanowsky,James Franco,Tim Blake Nelson,Lori Singer,Thriller,the institute,James FrancoTim Blake NelsonLori SingerJames Franco Pamela RomanowskyThriller
Filippo Capuzzi Lapietra,Felipe Castanhari,Rafinha Bastos,PC Siqueira,Comedy,internet - o filme,Felipe CastanhariRafinha BastosPC SiqueiraFilippo Capuzzi LapietraComedy
Mehdi Idir Grand Corps Malade,Pablo Pauly,Soufiane Guerrab,Moussa Mansaly,Drama Comedy,patients,Pablo PaulySoufiane GuerrabMoussa MansalyMehdi Idir Grand Corps MaladeDrama Comedy
Stuart Hazeldine,Sam Worthington,Octavia Spencer,Tim McGraw,Drama Fantasy,the shack,Sam WorthingtonOctavia SpencerTim McGrawStuart HazeldineDrama Fantasy
Svyatoslav Podgayevskiy,Victoria Agalakova,Vyacheslav Chepurchenko,Alexandra Rebenok,Mystery Horror Thriller,the bride,Victoria AgalakovaVyacheslav ChepurchenkoAlexandra RebenokSvyatoslav PodgayevskiyMystery Horror Thriller
Daniel Espinosa,Jake Gyllenhaal,Rebecca Ferguson,Ryan Reynolds,Horror Sci-Fi Thriller,life,Jake GyllenhaalRebecca FergusonRyan ReynoldsDaniel EspinosaHorror Sci-Fi Thriller
Sanjay Gupta,Hrithik Roshan,Yami Gautam,Ronit Roy,Action Crime Romance,kaabil,Hrithik RoshanYami GautamRonit RoySanjay GuptaAction Crime Romance
Bryan Brewer,Cree Kelly,Allie Rivera,Thatcher Robinson,Horror,the raking,Cree KellyAllie RiveraThatcher RobinsonBryan BrewerHorror
J.D. Dillard,Jacob Latimore,Seychelle Gabriel,Sasheer Zamata,Drama Thriller Action Sci-Fi,sleight,Jacob LatimoreSeychelle GabrielSasheer ZamataJ.D. DillardDrama Thriller Action Sci-Fi
Shannon Hartman,Kurt Braunohler,unknown,unknown,Comedy,kurt braunohler: trust me,Kurt BraunohlerunknownunknownShannon HartmanComedy
Sarah Adina Smith,Rami Malek,DJ Qualls,Kate Lyn Sheil,Mystery Drama,buster's mal heart,Rami MalekDJ QuallsKate Lyn SheilSarah Adina SmithMystery Drama
Han Jae-rim,Jo In-sung,Jung Woo-sung,Bae Seong-woo,Drama Crime,the king,Jo In-sungJung Woo-sungBae Seong-wooHan Jae-rimDrama Crime
David Ryan Keith,Michael Koltes,Paul Flannery,Lisa Livingstone,Horror,ghosts of darkness,Michael KoltesPaul FlanneryLisa LivingstoneDavid Ryan KeithHorror
Dean Israelite,Dacre Montgomery,Naomi Scott,RJ Cyler,Action Adventure Sci-Fi,power rangers,Dacre MontgomeryNaomi ScottRJ CylerDean IsraeliteAction Adventure Sci-Fi
Ridley Scott,Michael Fassbender,Katherine Waterston,Billy Crudup,Horror Sci-Fi Thriller,alien: covenant,Michael FassbenderKatherine WaterstonBilly CrudupRidley ScottHorror Sci-Fi Thriller
Massimiliano Bruno,Marco Giallini,Alessandro Gassman,Teresa Romagnoli,Comedy,beata ignoranza,Marco GialliniAlessandro GassmanTeresa RomagnoliMassimiliano BrunoComedy
Ben Wheatley,Sharlto Copley,Armie Hammer,Brie Larson,Action Comedy Crime Thriller,free fire,Sharlto CopleyArmie HammerBrie LarsonBen WheatleyAction Comedy Crime Thriller
Kitty Green,Hannah Cagwin,Aeona Cruz,Liv Bagley,Documentary,casting jonbenet,Hannah CagwinAeona CruzLiv BagleyKitty GreenDocumentary
Etienne Comar,Reda Kateb,Cécile de France,Àlex Brendemühl,Drama,django,Reda KatebCécile de FranceÀlex BrendemühlEtienne ComarDrama
Amy Schumer,Amy Schumer,unknown,unknown,Comedy,amy schumer: the leather special,Amy SchumerunknownunknownAmy SchumerComedy
Samuli Valkama,Noah Kin,Heikki Nousiainen,Mikko Nousiainen,Comedy Drama,unexpected journey,Noah KinHeikki NousiainenMikko NousiainenSamuli ValkamaComedy Drama
Oren Moverman,Richard Gere,Laura Linney,Steve Coogan,Drama Thriller,the dinner,Richard GereLaura LinneySteve CooganOren MovermanDrama Thriller
Josef Hader,Josef Hader,Georg Friedrich,Crina Semciuc,Comedy Crime Drama,wild mouse,Josef HaderGeorg FriedrichCrina SemciucJosef HaderComedy Crime Drama
Brian Vernick,Cheryl M. Bailey,Louis Ballezzi,Shawn Bittenbender,Crime Drama,the avenue,Cheryl M. BaileyLouis BallezziShawn BittenbenderBrian VernickCrime Drama
Steven C. Miller,Nicolas Cage,Christopher Rob Bowen,Adrian Grenier,Action Crime Thriller,arsenal,Nicolas CageChristopher Rob BowenAdrian GrenierSteven C. MillerAction Crime Thriller
Adolfo Martínez Pérez,Ariadna Gil,Roberto Álamo,Antonio Garrido,War,rescue under fire,Ariadna GilRoberto ÁlamoAntonio GarridoAdolfo Martínez PérezWar
Shannon Hartman,Jim Norton,unknown,unknown,Comedy,jim norton: mouthful of shame,Jim NortonunknownunknownShannon HartmanComedy
Vanessa Parise,Haley Pullos,Judd Nelson,Sasha Clements,Drama,from straight a's to xxx,Haley PullosJudd NelsonSasha ClementsVanessa PariseDrama
Fernando González Molina,Marta Etura ,Elvira Mínguez,Francesc Orella,Thriller,the invisible guardian,Marta Etura Elvira MínguezFrancesc OrellaFernando González MolinaThriller
Lu Chuan,John Krasinski,Zhou Xun,unknown,Documentary,born in china,John KrasinskiZhou XununknownLu ChuanDocumentary
Aaron Katz,Lola Kirke,Zoë Kravitz,John Cho,Thriller,gemini,Lola KirkeZoë KravitzJohn ChoAaron KatzThriller
David Paul Meyer,Trevor Noah,unknown,unknown,Comedy,trevor noah: afraid of the dark,Trevor NoahunknownunknownDavid Paul MeyerComedy
Fiona Gordon Dominique Abel,Fiona Gordon,Dominique Abel,Emmanuelle Riva,Comedy,lost in paris,Fiona GordonDominique AbelEmmanuelle RivaFiona Gordon Dominique AbelComedy
Stan Lathan,Dave Chappelle,unknown,unknown,Comedy,dave chappelle: the age of spin,Dave ChappelleunknownunknownStan LathanComedy
Francis Whately,Tony Visconti,Gail Ann Dorsey,Tony Basil,Music Documentary,david bowie: the last five years,Tony ViscontiGail Ann DorseyTony BasilFrancis WhatelyMusic Documentary
Amanda Kernell,Lene Cecilia Sparrok,Mia Sparrok,Maj-Doris Rimpi,Drama,sami blood,Lene Cecilia SparrokMia SparrokMaj-Doris RimpiAmanda KernellDrama
Andrew Getty,Fred Koehler,Sean Patrick Flanery,Brianna Brown,Horror,the evil within,Fred KoehlerSean Patrick FlaneryBrianna BrownAndrew GettyHorror
Mark Pellington,Shirley MacLaine,Amanda Seyfried,Anne Heche,Comedy Drama,the last word,Shirley MacLaineAmanda SeyfriedAnne HecheMark PellingtonComedy Drama
Dax Shepard,Michael Peña,Dax Shepard,Jessica McNamee,Action Comedy Crime,chips,Michael PeñaDax ShepardJessica McNameeDax ShepardAction Comedy Crime
Jeffrey Blitz,Anna Kendrick,Craig Robinson,June Squibb,Comedy Drama,table 19,Anna KendrickCraig RobinsonJune SquibbJeffrey BlitzComedy Drama
Zach Braff,Morgan Freeman,Michael Caine,Alan Arkin,Crime Comedy Drama,going in style,Morgan FreemanMichael CaineAlan ArkinZach BraffCrime Comedy Drama
Geoffrey Orthwein Andrew Sullivan,Maika Monroe,Matt O'Leary,Arnar Jónsson,Drama Sci-Fi Thriller,bokeh,Maika MonroeMatt O'LearyArnar JónssonGeoffrey Orthwein Andrew SullivanDrama Sci-Fi Thriller
Philippe Lacheau,Philippe Lacheau,Élodie Fontan,Julien Arruti,Comedy,alibi.com,Philippe LacheauÉlodie FontanJulien ArrutiPhilippe LacheauComedy
Stan Lathan,Dave Chappelle,unknown,unknown,Comedy,dave chappelle: deep in the heart of texas,Dave ChappelleunknownunknownStan LathanComedy
Gavin Wiesen,J.K. Simmons,Analeigh Tipton,Emile Hirsch,Comedy,all nighter,J.K. SimmonsAnaleigh TiptonEmile HirschGavin WiesenComedy
Nicolas Bedos,Nicolas Bedos,Doria Tillier,Denis Podalydès,Romance Drama Comedy,mr & mme adelman,Nicolas BedosDoria TillierDenis PodalydèsNicolas BedosRomance Drama Comedy
Sydney Freeland,Ashleigh Murray,Rachel Crow,Tim Blake Nelson,Drama Comedy Crime,deidra & laney rob a train,Ashleigh MurrayRachel CrowTim Blake NelsonSydney FreelandDrama Comedy Crime
Simon Amstell,Simon Amstell,Linda Bassett,Martin Freeman,Sci-Fi Comedy Documentary,carnage: swallowing the past,Simon AmstellLinda BassettMartin FreemanSimon AmstellSci-Fi Comedy Documentary
Tommy O'Haver,Melissa Leo,Josh Lucas,Michael Chernus,Crime Drama,the most hated woman in america,Melissa LeoJosh LucasMichael ChernusTommy O'HaverCrime Drama
George Mendeluk,Max Irons,Samantha Barks,Terence Stamp,War Drama History Romance,bitter harvest,Max IronsSamantha BarksTerence StampGeorge MendelukWar Drama History Romance
Johnny Martin,Nicolas Cage,Deborah Kara Unger,Anna Hutchison,Action Thriller,vengeance: a love story,Nicolas CageDeborah Kara UngerAnna HutchisonJohnny MartinAction Thriller
Álex de la Iglesia,Mario Casas,Blanca Suárez,Carmen Machi,Horror Thriller Comedy,the bar,Mario CasasBlanca SuárezCarmen MachiÁlex de la IglesiaHorror Thriller Comedy
Ned Crowley,Jim O'Heir,Andrew J. West,Josh McDermitt,Drama Comedy Crime Thriller,middle man,Jim O'HeirAndrew J. WestJosh McDermittNed CrowleyDrama Comedy Crime Thriller
Nathan Adloff,Tim Boardman,Missi Pyle,Stephen Root,Drama,miles,Tim BoardmanMissi PyleStephen RootNathan AdloffDrama
Kelly Asbury,Julia Roberts,Ariel Winter,Ellie Kemper,Adventure Animation Comedy Family,smurfs: the lost village,Julia RobertsAriel WinterEllie KemperKelly AsburyAdventure Animation Comedy Family
Charlie McDowell,Jason Segel,Rooney Mara,Robert Redford,Drama Romance Sci-Fi Thriller,the discovery,Jason SegelRooney MaraRobert RedfordCharlie McDowellDrama Romance Sci-Fi Thriller
Gurinder Chadha,Hugh Bonneville,Gillian Anderson,Michael Gambon,Drama History,viceroy's house,Hugh BonnevilleGillian AndersonMichael GambonGurinder ChadhaDrama History
Alec Su,Nick Wang,Zhang Lu-Yi,Ruby Lin,Mystery Thriller,the devotion of suspect x,Nick WangZhang Lu-YiRuby LinAlec SuMystery Thriller
Niki Caro,Jessica Chastain,Johan Heldenbergh,Daniel Brühl,Drama History,the zookeeper's wife,Jessica ChastainJohan HeldenberghDaniel BrühlNiki CaroDrama History
Miguel A. Ferrer,Amy Johnston,Cortney Palm,Rey Goyos,Drama Action,female fight club,Amy JohnstonCortney PalmRey GoyosMiguel A. FerrerDrama Action
Robert Legato,Eliza Dushku,Robert Patrick,Chace Crawford,Horror Mystery Thriller,eloise,Eliza DushkuRobert PatrickChace CrawfordRobert LegatoHorror Mystery Thriller
Marc Webb,Chris Evans,Mckenna Grace,Lindsay Duncan,Drama,gifted,Chris EvansMckenna GraceLindsay DuncanMarc WebbDrama
Sam Liu,Stuart Allan,Jake T. Austin,Taissa Farmiga,Sci-Fi Animation Action,teen titans: the judas contract,Stuart AllanJake T. AustinTaissa FarmigaSam LiuSci-Fi Animation Action
Louis C.K.,Louis C.K.,unknown,unknown,Comedy,louis c.k. 2017,Louis C.K.unknownunknownLouis C.K.Comedy
Joaquín Gutiérrez Acha,Carlos De Hita,unknown,unknown,Documentary,cantábrico: los dominios del oso pardo,Carlos De HitaunknownunknownJoaquín Gutiérrez AchaDocumentary
Elliott Lester,Arnold Schwarzenegger,Scoot McNairy,Maggie Grace,Drama Thriller,aftermath,Arnold SchwarzeneggerScoot McNairyMaggie GraceElliott LesterDrama Thriller
Ole Bornedal,Nicolas Bro,Ulrich Thomsen,Mia Lyhne,Comedy Crime Drama,small town killers,Nicolas BroUlrich ThomsenMia LyhneOle BornedalComedy Crime Drama
Ricardo Herrera,Andy Goldenberg,Emily Roya O'Brien,Nick Armstrong,Comedy,the bigfoot project,Andy GoldenbergEmily Roya O'BrienNick ArmstrongRicardo HerreraComedy
Jon Gunn,Mike Vogel,Erika Christensen,Faye Dunaway,Drama,the case for christ,Mike VogelErika ChristensenFaye DunawayJon GunnDrama
Leif Tilden,Graham Rogers,Billy Crudup,Liana Liberato,Drama Romance,1 mile to you,Graham RogersBilly CrudupLiana LiberatoLeif TildenDrama Romance
Aaron Woodley,Jessica Biel,Hilary Swank,Susan Sarandon,Adventure Animation Comedy Family Sci-Fi,spark: a space tail,Jessica BielHilary SwankSusan SarandonAaron WoodleyAdventure Animation Comedy Family Sci-Fi
Stella Meghie,Amandla Stenberg,Nick Robinson,Anika Noni Rose,Drama Romance,"everything, everything",Amandla StenbergNick RobinsonAnika Noni RoseStella MeghieDrama Romance
David Bowers,Jason Ian Drucker,Owen Asztalos,Charlie Wright,Comedy Family,diary of a wimpy kid: the long haul,Jason Ian DruckerOwen AsztalosCharlie WrightDavid BowersComedy Family
Alain Gomis,Véro Tshanda Beya Mputu,Gaetan Claudia,Papi Mpaka,Drama,félicité,Véro Tshanda Beya MputuGaetan ClaudiaPapi MpakaAlain GomisDrama
Andrey Volgin,Agniya Ditkovskite,Denis Shvedov,Anvar Khalilulaev,Action Fantasy,dance to death,Agniya DitkovskiteDenis ShvedovAnvar KhalilulaevAndrey VolginAction Fantasy
Dmitriy Kiselev,Evgeny Mironov,Konstantin Khabenskiy,Vladimir Ilin,Adventure Drama History,the spacewalker,Evgeny MironovKonstantin KhabenskiyVladimir IlinDmitriy KiselevAdventure Drama History
Seth Gordon,Dwayne Johnson,Zac Efron,Alexandra Daddario,Action Comedy,baywatch,Dwayne JohnsonZac EfronAlexandra DaddarioSeth GordonAction Comedy
Denise Di Novi,Rosario Dawson,Katherine Heigl,Geoff Stults,Drama Thriller,unforgettable,Rosario DawsonKatherine HeiglGeoff StultsDenise Di NoviDrama Thriller
Jonathan Levine,Amy Schumer,Goldie Hawn,Tom Bateman,Action Comedy,snatched,Amy SchumerGoldie HawnTom BatemanJonathan LevineAction Comedy
Alex Kurtzman,Tom Cruise,Russell Crowe,Annabelle Wallis,Thriller Action Adventure,the mummy,Tom CruiseRussell CroweAnnabelle WallisAlex KurtzmanThriller Action Adventure
Alastair Orr,Sharni Vinson,Carlyn Burchell,Steve John Ward,Action Horror,from a house on willow street,Sharni VinsonCarlyn BurchellSteve John WardAlastair OrrAction Horror
F. Gary Gray,Vin Diesel,Jason Statham,Dwayne Johnson,Action Crime Thriller,the fate of the furious,Vin DieselJason StathamDwayne JohnsonF. Gary GrayAction Crime Thriller
Bryce Wagoner,Ginger Lynn Allen,Lisa Ann,Janine Lindemulder,Documentary,after porn ends 2,Ginger Lynn AllenLisa AnnJanine LindemulderBryce WagonerDocumentary
Gerard McMurray,Trevor Jackson,Alfre Woodard,Steve Harris,Drama,burning sands,Trevor JacksonAlfre WoodardSteve HarrisGerard McMurrayDrama
Ian Truitner,Sunny Mabrey,Lance Broadway,T.J. Hoban,Sci-Fi,teleios,Sunny MabreyLance BroadwayT.J. HobanIan TruitnerSci-Fi
Steven Brill,Adam Sandler,Kevin James,Terry Crews,Comedy,sandy wexler,Adam SandlerKevin JamesTerry CrewsSteven BrillComedy
Phil Volken,Bethany Joy Lenz,Danny Glover,Tim Griffin,Action Adventure Crime Drama Thriller,extortion,Bethany Joy LenzDanny GloverTim GriffinPhil VolkenAction Adventure Crime Drama Thriller
Ted Braun,William Ackman,unknown,unknown,Documentary,betting on zero,William AckmanunknownunknownTed BraunDocumentary
Michael O'Shea,Eric Ruffin,Chloe Levine,Aaron Moten,Horror Drama,the transfiguration,Eric RuffinChloe LevineAaron MotenMichael O'SheaHorror Drama
Carson D. Mell,Steve Zissis,Mark Proksch,Jennifer Irwin,Comedy Horror,another evil,Steve ZissisMark ProkschJennifer IrwinCarson D. MellComedy Horror
Joe Swanberg,Jake Johnson,Aislinn Derbez,Joe Lo Truglio,Comedy,win it all,Jake JohnsonAislinn DerbezJoe Lo TruglioJoe SwanbergComedy
David Soren,Kevin Hart,Ed Helms,Thomas Middleditch,Action Animation Comedy Family,captain underpants: the first epic movie,Kevin HartEd HelmsThomas MiddleditchDavid SorenAction Animation Comedy Family
Carlos Bolado,Martha Higareda,Alfonso Dosal,Christian Vazquez,Family Comedy,3 idiotas,Martha HigaredaAlfonso DosalChristian VazquezCarlos BoladoFamily Comedy
Zoe Lister-Jones,Zoe Lister-Jones,Adam Pally,Fred Armisen,Comedy,band aid,Zoe Lister-JonesAdam PallyFred ArmisenZoe Lister-JonesComedy
Trey Edward Shults,Joel Edgerton,Christopher Abbott,Carmen Ejogo,Horror Mystery Thriller,it comes at night,Joel EdgertonChristopher AbbottCarmen EjogoTrey Edward ShultsHorror Mystery Thriller
Gabriela Cowperthwaite,Kate Mara,Ramón Rodríguez,Tom Felton,Drama War,megan leavey,Kate MaraRamón RodríguezTom FeltonGabriela CowperthwaiteDrama War
Roger Michell,Rachel Weisz,Sam Claflin,Holliday Grainger,Drama Romance,my cousin rachel,Rachel WeiszSam ClaflinHolliday GraingerRoger MichellDrama Romance
Doug Archibald,Artemis Pebdani,Sasha Mitchell,Angela Trimbur,Comedy,i love you both,Artemis PebdaniSasha MitchellAngela TrimburDoug ArchibaldComedy
Ari Issler Ben Snyder,Victor Almanzar,Shirley Rumierk,Elizabeth Rodriguez,Drama Crime,11:55,Victor AlmanzarShirley RumierkElizabeth RodriguezAri Issler Ben SnyderDrama Crime
Brian Fee,Owen Wilson,Cristela Alonzo,Chris Cooper,Family Comedy Animation Adventure,cars 3,Owen WilsonCristela AlonzoChris CooperBrian FeeFamily Comedy Animation Adventure
Aisling Walsh,Sally Hawkins,Ethan Hawke,Gabrielle Rose,Drama History Romance,maudie,Sally HawkinsEthan HawkeGabrielle RoseAisling WalshDrama History Romance
Takanori Tsujimoto,Kevin Dorman,Matthew Mercer,Erin Cahill,Action Adventure Animation Horror Mystery Sci-Fi,resident evil: vendetta,Kevin DormanMatthew MercerErin CahillTakanori TsujimotoAction Adventure Animation Horror Mystery Sci-Fi
Fred Wolf,Leah Remini,Charlotte McKinney,Charlie Sheen,Comedy,mad families,Leah ReminiCharlotte McKinneyCharlie SheenFred WolfComedy
Luc Bondy,Isabelle Huppert,Louis Garrel,Bulle Ogier,Drama Comedy,false confessions,Isabelle HuppertLouis GarrelBulle OgierLuc BondyDrama Comedy
James Nunn,Mike Mizanin,Anna Van Hooft,Maryse Ouellet Mizanin,Action,the marine 5: battleground,Mike MizaninAnna Van HooftMaryse Ouellet MizaninJames NunnAction
Robert Conway,Monica Engesser,Clint James,Maria Olsen,Horror,the covenant,Monica EngesserClint JamesMaria OlsenRobert ConwayHorror
Savage Steve Holland,Jace Norman,Davis Cleveland,Haley Tju,Family Fantasy Comedy,rufus 2,Jace NormanDavis ClevelandHaley TjuSavage Steve HollandFamily Fantasy Comedy
Colin Trevorrow,Naomi Watts,Jaeden Lieberher,Jacob Tremblay,Thriller Drama Crime,the book of henry,Naomi WattsJaeden LieberherJacob TremblayColin TrevorrowThriller Drama Crime
Brett Haley,Sam Elliott,Laura Prepon,Nick Offerman,Drama,the hero,Sam ElliottLaura PreponNick OffermanBrett HaleyDrama
Matt Tyrnauer,Thomas Campanella,Mindy Fullilove,Alexander Garvin,Documentary,citizen jane: battle for the city,Thomas CampanellaMindy FulliloveAlexander GarvinMatt TyrnauerDocumentary
Doug Liman,Aaron Taylor-Johnson,John Cena,Laith Nakli,Drama Thriller War,the wall,Aaron Taylor-JohnsonJohn CenaLaith NakliDoug LimanDrama Thriller War
Salamat Mukhammed-Ali,Armand Assante,Karlygash Mukhamedzhanova,Alexey Frandetti,Action,diamond cartel,Armand AssanteKarlygash MukhamedzhanovaAlexey FrandettiSalamat Mukhammed-AliAction
Stergios Paschos,Haris Fragoulis,Iro Bezou,unknown,Drama Comedy,afterlov,Haris FragoulisIro BezouunknownStergios PaschosDrama Comedy
Justin Barber,Florence Hartigan,Jeanine Jackson,Chelsea Lopez,Horror Mystery Sci-Fi,phoenix forgotten,Florence HartiganJeanine JacksonChelsea LopezJustin BarberHorror Mystery Sci-Fi
Eduardo Casanova,Jon Kortajarena,Candela Peña,Ana Polvorosa,Drama Comedy,skins,Jon KortajarenaCandela PeñaAna PolvorosaEduardo CasanovaDrama Comedy
George C. Wolfe,Rose Byrne,Renée Elise Goldsberry,Oprah Winfrey,Drama,the immortal life of henrietta lacks,Rose ByrneRenée Elise GoldsberryOprah WinfreyGeorge C. WolfeDrama
Elina Hirvonen,unknown,unknown,unknown,Documentary,boiling point,unknownunknownunknownElina HirvonenDocumentary
Jason Connery,Peter Mullan,Jack Lowden,Ophelia Lovibond,Drama Romance,tommy's honour,Peter MullanJack LowdenOphelia LovibondJason ConneryDrama Romance
John Butler,Nicholas Galitzine,Fionn O'Shea,Moe Dunford,Drama,handsome devil,Nicholas GalitzineFionn O'SheaMoe DunfordJohn ButlerDrama
Ricardo de Montreuil,Demián Bichir,Gabriel Chavarria,Theo Rossi,Drama,lowriders,Demián BichirGabriel ChavarriaTheo RossiRicardo de MontreuilDrama
Stefan Ruzowitzky,Violetta Schurawlow,Tobias Moretti,Robert Palfrader,Thriller,cold hell,Violetta SchurawlowTobias MorettiRobert PalfraderStefan RuzowitzkyThriller
Vincent J. Guastini Michael McQuown,Cortney Palm,David Hull,Emilia Zoryan,Horror Sci-Fi Thriller,the dark tapes,Cortney PalmDavid HullEmilia ZoryanVincent J. Guastini Michael McQuownHorror Sci-Fi Thriller
Liam O'Donnell,Frank Grillo,Bojana Novaković,Iko Uwais,Action Sci-Fi,beyond skyline,Frank GrilloBojana NovakovićIko UwaisLiam O'DonnellAction Sci-Fi
Gregori Viens,Henry Phillips,J.K. Simmons,Sarah Silverman,Comedy,punching henry,Henry PhillipsJ.K. SimmonsSarah SilvermanGregori ViensComedy
Ken Marino,Eugenio Derbez,Salma Hayek,Rob Lowe,Comedy,how to be a latin lover,Eugenio DerbezSalma HayekRob LoweKen MarinoComedy
Michael Winterbottom,Steve Coogan,Rob Brydon,Claire Keelan,Drama Comedy,the trip to spain,Steve CooganRob BrydonClaire KeelanMichael WinterbottomDrama Comedy
Brian Knappenberger,Hulk Hogan,unknown,unknown,Documentary,nobody speak: trials of the free press,Hulk HoganunknownunknownBrian KnappenbergerDocumentary
Dave McCary,Kyle Mooney,Claire Danes,Mark Hamill,Comedy Drama,brigsby bear,Kyle MooneyClaire DanesMark HamillDave McCaryComedy Drama
Jay Chapman,Kenneth Lucas,Keith Lucas,unknown,Comedy,lucas brothers: on drugs,Kenneth LucasKeith LucasunknownJay ChapmanComedy
Derik Murray Adrian Buitenhuis,Heath Ledger,Kate Ledger,Kim Ledger,Documentary,i am heath ledger,Heath LedgerKate LedgerKim LedgerDerik Murray Adrian BuitenhuisDocumentary
Fernando Coimbra,Nicholas Hoult,Logan Marshall-Green,Henry Cavill,Drama War,sand castle,Nicholas HoultLogan Marshall-GreenHenry CavillFernando CoimbraDrama War
Robert Dyke,Sarah Butler,Damon Dayoub,Charles Shaughnessy,Action Sci-Fi Adventure,moontrap: target earth,Sarah ButlerDamon DayoubCharles ShaughnessyRobert DykeAction Sci-Fi Adventure
Anna Sandilands Ewan McNicol,unknown,unknown,unknown,Documentary,uncertain,unknownunknownunknownAnna Sandilands Ewan McNicolDocumentary
Roman Karimov,Efim Petrunin,Lyubov Aksyonova,Sofya Rayzman,Comedy,"have fun, vasya!",Efim PetruninLyubov AksyonovaSofya RayzmanRoman KarimovComedy
Park Kwang-hyun,Ji Chang-wook,Shim Eun-kyung,Ahn Jae-hong,Action,fabricated city,Ji Chang-wookShim Eun-kyungAhn Jae-hongPark Kwang-hyunAction
Michael Apted,Noomi Rapace,Orlando Bloom,Michael Douglas,Action Thriller,unlocked,Noomi RapaceOrlando BloomMichael DouglasMichael AptedAction Thriller
Eric D. Howell,Emilia Clarke,Marton Csokas,Caterina Murino,Drama Mystery Romance Thriller,voice from the stone,Emilia ClarkeMarton CsokasCaterina MurinoEric D. HowellDrama Mystery Romance Thriller
E.L. Katz,Nikolaj Coster-Waldau,Jacki Weaver,Robert Forster,Drama Comedy Thriller Crime,small crimes,Nikolaj Coster-WaldauJacki WeaverRobert ForsterE.L. KatzDrama Comedy Thriller Crime
Murat Kepez,Çaglar Çorumlu,Büşra Pekin,Mahir Ipek,Comedy,kolonya cumhuriyeti,Çaglar ÇorumluBüşra PekinMahir IpekMurat KepezComedy
Mark Lamprell,Dacre Montgomery,Xavier Samuel,Kris Marshall,Comedy,a few less men,Dacre MontgomeryXavier SamuelKris MarshallMark LamprellComedy
Richard Sears,Jena Malone,Douglas Smith,Ted Levine,Drama Mystery Thriller,bottom of the world,Jena MaloneDouglas SmithTed LevineRichard SearsDrama Mystery Thriller
Simon West,Dominic Cooper,Gemma Chan,Connie Nielsen,Action Thriller,stratton,Dominic CooperGemma ChanConnie NielsenSimon WestAction Thriller
Azazel Jacobs,Debra Winger,Tracy Letts,Aidan Gillen,Comedy,the lovers,Debra WingerTracy LettsAidan GillenAzazel JacobsComedy
S.S. Rajamouli,Prabhas,Rana Daggubati,Sathyaraj,Action Adventure History War,baahubali 2: the conclusion,PrabhasRana DaggubatiSathyarajS.S. RajamouliAction Adventure History War
Juanita Wilson,Julia Garner,Jake Weary,Anna Friel,Drama Thriller,tomato red,Julia GarnerJake WearyAnna FrielJuanita WilsonDrama Thriller
Grant Humphreys,Ronan Quarmby,Brad Richards,Barbara Harrison,Sci-Fi,taking earth,Ronan QuarmbyBrad RichardsBarbara HarrisonGrant HumphreysSci-Fi
Jessica Yu,Maria Bamford,unknown,unknown,Comedy,maria bamford: old baby,Maria BamfordunknownunknownJessica YuComedy
Maccio Capatonda,Maccio Capatonda,Maccio Capatonda,Maccio Capatonda,Comedy,omicidio all'italiana,Maccio CapatondaMaccio CapatondaMaccio CapatondaMaccio CapatondaComedy
Joseph Cedar,Richard Gere,Lior Ashkenazi,Michael Sheen,Comedy Thriller Drama,norman: the moderate rise and tragic fall of a new york fixer,Richard GereLior AshkenaziMichael SheenJoseph CedarComedy Thriller Drama
Jamie Cymbal Ryan Simons,Jimmy Allen,Lindsay Bennett,Chris Blackwood,Horror,seizure,Jimmy AllenLindsay BennettChris BlackwoodJamie Cymbal Ryan SimonsHorror
Franck Khalfoun,Bella Thorne,Cameron Monaghan,Jennifer Morrison,Thriller Horror,amityville: the awakening,Bella ThorneCameron MonaghanJennifer MorrisonFranck KhalfounThriller Horror
Sofia Coppola,Colin Farrell,Nicole Kidman,Kirsten Dunst,Drama Western,the beguiled,Colin FarrellNicole KidmanKirsten DunstSofia CoppolaDrama Western
Sierra Pettengill Pacho Velez,Ronald Reagan,Nancy Reagan,Barbara Walters,Documentary,the reagan show,Ronald ReaganNancy ReaganBarbara WaltersSierra Pettengill Pacho VelezDocumentary
Edgar Wright,Ansel Elgort,Lily James,Kevin Spacey,Action Crime,baby driver,Ansel ElgortLily JamesKevin SpaceyEdgar WrightAction Crime
Bong Joon-ho,Tilda Swinton,Paul Dano,Ahn Seo-hyun ,Adventure Drama Fantasy Sci-Fi,okja,Tilda SwintonPaul DanoAhn Seo-hyun Bong Joon-hoAdventure Drama Fantasy Sci-Fi
Jay Woelfel,Tim Thomerson,Richard Hatch,Tiffany Shepis,Horror,asylum of darkness,Tim ThomersonRichard HatchTiffany ShepisJay WoelfelHorror
Lucia Aniello,Scarlett Johansson,Jillian Bell,Kate McKinnon,Drama Comedy,rough night,Scarlett JohanssonJillian BellKate McKinnonLucia AnielloDrama Comedy
Sean Foley,Julian Barratt,Simon Farnaby,Essie Davis,Comedy,mindhorn,Julian BarrattSimon FarnabyEssie DavisSean FoleyComedy
Kevin Macdonald,Richard Madden,Flora Spencer-Longhurst,Moshidi Motshegwa,TV Movie Drama Sci-Fi,oasis,Richard MaddenFlora Spencer-LonghurstMoshidi MotshegwaKevin MacdonaldTV Movie Drama Sci-Fi
Vlad Yudin,Calum Von Moger,Kai Greene,Rich Piana,Documentary,generation iron 2,Calum Von MogerKai GreeneRich PianaVlad YudinDocumentary
Amariah Olson Obin Olson,Jonathan Rhys Meyers,Cam Gigandet,Michael Biehn,Sci-Fi Action Thriller,the shadow effect,Jonathan Rhys MeyersCam GigandetMichael BiehnAmariah Olson Obin OlsonSci-Fi Action Thriller
Deven Bhojani,Vidyut Jamwal,Adah Sharma,Freddy Daruwala,Action,commando 2: the black money trail,Vidyut JamwalAdah SharmaFreddy DaruwalaDeven BhojaniAction
Avgousta Zourelidi,Katy Townsend,Debi Derryberry,Cassandra Morris,Family Animation,monster high: electrified,Katy TownsendDebi DerryberryCassandra MorrisAvgousta ZourelidiFamily Animation
Geremy Jasper,Danielle Macdonald,Bridget Everett,Siddharth Dhananjay,Drama,patti cake$,Danielle MacdonaldBridget EverettSiddharth DhananjayGeremy JasperDrama
Andrey Zvyagintsev,Maryana Spivak,Aleksey Rozin,Matvey Novikov,Drama,loveless,Maryana SpivakAleksey RozinMatvey NovikovAndrey ZvyagintsevDrama
Mel Damski,Lacey Chabert,Carlo Marks,Jesse Moss,Romance TV Movie,moonlight in vermont,Lacey ChabertCarlo MarksJesse MossMel DamskiRomance TV Movie
Jeff Garlin,Jeff Garlin,Natasha Lyonne,Chris Redd,Comedy,handsome: a netflix mystery movie,Jeff GarlinNatasha LyonneChris ReddJeff GarlinComedy
Don Argott Sheena M. Joyce,Michael Uslan,Roy Thomas,Marc Tyler Nobleman,Documentary,batman & bill,Michael UslanRoy ThomasMarc Tyler NoblemanDon Argott Sheena M. JoyceDocumentary
Ivan Silvestrini,Katrina Bowden,Jay Hayden,Damon Dayoub,Drama Thriller,monolith,Katrina BowdenJay HaydenDamon DayoubIvan SilvestriniDrama Thriller
Tony E. Valenzuela,Robert Adamson,Alex Frnka,Conchata Ferrell,Horror,the axe murders of villisca,Robert AdamsonAlex FrnkaConchata FerrellTony E. ValenzuelaHorror
Brian Crano,Rebecca Hall,Jason Sudeikis,Dan Stevens,Comedy Romance,permission,Rebecca HallJason SudeikisDan StevensBrian CranoComedy Romance
Arnaud Desplechin,Mathieu Amalric,Marion Cotillard,Charlotte Gainsbourg,Drama Romance Thriller,ismael's ghosts,Mathieu AmalricMarion CotillardCharlotte GainsbourgArnaud DesplechinDrama Romance Thriller
Jonathan Mostow,Sam Worthington,Odeya Rush,Amy Landecker,Action Thriller,the hunter's prayer,Sam WorthingtonOdeya RushAmy LandeckerJonathan MostowAction Thriller
Lucien Jean-Baptiste,Lucien Jean-Baptiste,Aïssa Maïga,Vincent Elbaz,Comedy,he even has your eyes,Lucien Jean-BaptisteAïssa MaïgaVincent ElbazLucien Jean-BaptisteComedy
Miguel Arteta,Salma Hayek,John Lithgow,Connie Britton,Comedy Drama,beatriz at dinner,Salma HayekJohn LithgowConnie BrittonMiguel ArtetaComedy Drama
Dylan Bank Morgan Pehme Daniel DiMauro,Roger Stone,Donald Trump,Paul Manafort,Documentary,get me roger stone,Roger StoneDonald TrumpPaul ManafortDylan Bank Morgan Pehme Daniel DiMauroDocumentary
Valery Todorovsky,Alisa Freyndlikh,Aleksandr Domogarov,Nicolas Le Riche,unknown,the bolshoi,Alisa FreyndlikhAleksandr DomogarovNicolas Le RicheValery Todorovskyunknown
Robert Kirbyson,John Hennigan,Spencer Grammer,Lorenzo Lamas,Action,boone: the bounty hunter,John HenniganSpencer GrammerLorenzo LamasRobert KirbysonAction
Kyle Balda Pierre Coffin,Steve Carell,Kristen Wiig,Trey Parker,Action Animation Adventure Family Comedy,despicable me 3,Steve CarellKristen WiigTrey ParkerKyle Balda Pierre CoffinAction Animation Adventure Family Comedy
Hope Dickson Leach,Ellie Kendrick,David Troughton,Jack Holden,Drama,the levelling,Ellie KendrickDavid TroughtonJack HoldenHope Dickson LeachDrama
Alexi Pappas Jeremy Teicher,Alexi Pappas,Chase Offerle,Rebecca Friday,Drama,tracktown,Alexi PappasChase OfferleRebecca FridayAlexi Pappas Jeremy TeicherDrama
Rupert Goold,Tim Pigott-Smith,Charlotte Riley,Oliver Chris,Drama,king charles iii,Tim Pigott-SmithCharlotte RileyOliver ChrisRupert GooldDrama
Erin Lee Carr,Gypsey Rose,unknown,unknown,Documentary,mommy dead and dearest,Gypsey RoseunknownunknownErin Lee CarrDocumentary
Lucas Pavetto,Bill Moseley,Gabriella Wright,John Robinson,Drama Thriller,alcoholist,Bill MoseleyGabriella WrightJohn RobinsonLucas PavettoDrama Thriller
Sara Taksler,Bassem Youssef,Jon Stewart,unknown,Documentary,tickling giants,Bassem YoussefJon StewartunknownSara TakslerDocumentary
Phillip Guzman,Lori Petty,Jesse Bradford,Brea Grant,Horror Thriller,dead awake,Lori PettyJesse BradfordBrea GrantPhillip GuzmanHorror Thriller
Martin Provost,Catherine Frot,Catherine Deneuve,Olivier Gourmet,Comedy Drama,the midwife,Catherine FrotCatherine DeneuveOlivier GourmetMartin ProvostComedy Drama
Mark Williams,Gerard Butler,Gretchen Mol,Willem Dafoe,Drama,a family man,Gerard ButlerGretchen MolWillem DafoeMark WilliamsDrama
Barry Levinson,Robert De Niro,Michelle Pfeiffer,Hank Azaria,Crime Drama History TV Movie,the wizard of lies,Robert De NiroMichelle PfeifferHank AzariaBarry LevinsonCrime Drama History TV Movie
Bill Plympton Jim Lujan,Charley Rossman,Robert LuJane,unknown,Comedy Action Animation,revengeance,Charley RossmanRobert LuJaneunknownBill Plympton Jim LujanComedy Action Animation
Hiroyuki Seshita,Takahiro Sakurai,Kana Hanazawa,Sora Amamiya,Action Animation Drama Horror Sci-Fi,blame!,Takahiro SakuraiKana HanazawaSora AmamiyaHiroyuki SeshitaAction Animation Drama Horror Sci-Fi
Peter Malota,Jean-Claude Van Damme,Peter Stormare,María Conchita Alonso,Action,kill 'em all,Jean-Claude Van DammePeter StormareMaría Conchita AlonsoPeter MalotaAction
Tim Smit,Dan Stevens,Bérénice Marlohe,Charity Wakefield,Sci-Fi,kill switch,Dan StevensBérénice MarloheCharity WakefieldTim SmitSci-Fi
Ana Lily Amirpour,Suki Waterhouse,Jason Momoa,Jayda Fink,Thriller Romance Sci-Fi,the bad batch,Suki WaterhouseJason MomoaJayda FinkAna Lily AmirpourThriller Romance Sci-Fi
Sarah Harding,Rowan Atkinson,Lucy Cohu,Shaun Dingwall,TV Movie Crime Mystery Thriller,maigrets night at the crossroads,Rowan AtkinsonLucy CohuShaun DingwallSarah HardingTV Movie Crime Mystery Thriller
Matt Reeves,Andy Serkis,Woody Harrelson,Steve Zahn,Drama Sci-Fi War,war for the planet of the apes,Andy SerkisWoody HarrelsonSteve ZahnMatt ReevesDrama Sci-Fi War
Xavier Manrique,Shiloh Fernandez,Ashley Benson,Addison Timlin,Drama Comedy,chronically metropolitan,Shiloh FernandezAshley BensonAddison TimlinXavier ManriqueDrama Comedy
Luis Prieto,Halle Berry,Sage Correa,Chris McGinn,Drama Thriller,kidnap,Halle BerrySage CorreaChris McGinnLuis PrietoDrama Thriller
Derek Hui,Takeshi Kaneshiro,Zhou Dongyu,Ming Xi,Comedy Romance,this is not what i expected,Takeshi KaneshiroZhou DongyuMing XiDerek HuiComedy Romance
John Cameron Mitchell,Elle Fanning,Nicole Kidman,Ruth Wilson,Comedy Music Romance Sci-Fi,how to talk to girls at parties,Elle FanningNicole KidmanRuth WilsonJohn Cameron MitchellComedy Music Romance Sci-Fi
Noah Baumbach,Adam Sandler,Ben Stiller,Dustin Hoffman,Comedy,the meyerowitz stories,Adam SandlerBen StillerDustin HoffmanNoah BaumbachComedy
David Michôd,Brad Pitt,Anthony Hayes,John Magaro,Comedy Drama War,war machine,Brad PittAnthony HayesJohn MagaroDavid MichôdComedy Drama War
Josh Greenbaum,George Lazenby,Josh Lawson,Kassandra Clementi,Documentary Comedy,becoming bond,George LazenbyJosh LawsonKassandra ClementiJosh GreenbaumDocumentary Comedy
Marcus Raboy,Vir Das,unknown,unknown,Comedy,vir das: abroad understanding,Vir DasunknownunknownMarcus RaboyComedy
Liz Plonka,Norm Macdonald,unknown,unknown,Comedy,"norm macdonald: hitler's dog, gossip & trickery",Norm MacdonaldunknownunknownLiz PlonkaComedy
Rama Burshtein,Noa Kooler,Amos Tamam,Oz Zehavi,Comedy Romance,the wedding plan,Noa KoolerAmos TamamOz ZehaviRama BurshteinComedy Romance
Richard Curtis Mat Whitecross,Hugh Grant,Colin Firth,Liam Neeson,TV Movie Comedy Romance,red nose day actually,Hugh GrantColin FirthLiam NeesonRichard Curtis Mat WhitecrossTV Movie Comedy Romance
Nick Broomfield Rudi Dolezal,Whitney Houston,Bobbi Kristina Brown,Bobby Brown,Music Documentary,whitney: can i be me,Whitney HoustonBobbi Kristina BrownBobby BrownNick Broomfield Rudi DolezalMusic Documentary
Luc Besson,Dane DeHaan,Cara Delevingne,Clive Owen,Adventure Sci-Fi Action,valerian and the city of a thousand planets,Dane DeHaanCara DelevingneClive OwenLuc BessonAdventure Sci-Fi Action
Mathieu Ratthe,Alex C. Nachi,Mathieu Ratthe,Victor Andres Turgeon-Trelles,Horror Sci-Fi Action,the gracefield incident,Alex C. NachiMathieu RattheVictor Andres Turgeon-TrellesMathieu RattheHorror Sci-Fi Action
Amir Bar-Lev,Jerry Garcia,Bob Weir,Mickey Hart,Music Documentary,long strange trip,Jerry GarciaBob WeirMickey HartAmir Bar-LevMusic Documentary
Perri Peltz,unknown,unknown,unknown,TV Movie Documentary,warning: this drug may kill you,unknownunknownunknownPerri PeltzTV Movie Documentary
Michael Barnett,Bill Nye,Jeffrey Kluger,Neil deGrasse Tyson,Documentary,the mars generation,Bill NyeJeffrey KlugerNeil deGrasse TysonMichael BarnettDocumentary
Gábor Herendi Buda Gulyás,Ervin Nagy,Petrik Andrea,Tibor Gáspár,Romance Adventure Drama History,kincsem,Ervin NagyPetrik AndreaTibor GáspárGábor Herendi Buda GulyásRomance Adventure Drama History
Christopher Storer,unknown,unknown,unknown,Comedy,hasan minhaj: homecoming king,unknownunknownunknownChristopher StorerComedy
André Erkau,Kostja Ullmann,Marleen Lohse,Wotan Wilke Möhring,Comedy,happy burnout,Kostja UllmannMarleen LohseWotan Wilke MöhringAndré ErkauComedy
Liam Lynch,Sarah Silverman,unknown,unknown,Comedy,sarah silverman: a speck of dust,Sarah SilvermanunknownunknownLiam LynchComedy
unknown,unknown,unknown,unknown,unknown,three heroes and the king of the sea,unknownunknownunknownunknownunknown
Sergey Ginzburg,Konstantin Kryukov,Михаил Пореченков,Aglaya Shilovskaya,Horror Action Fantasy Thriller,vamps,Konstantin KryukovМихаил ПореченковAglaya ShilovskayaSergey GinzburgHorror Action Fantasy Thriller
Bob Schultz Robert Conway,Whitney Moore,William 'Bill' Connor,Owen Conway,Drama Horror Thriller,breakdown lane,Whitney MooreWilliam 'Bill' ConnorOwen ConwayBob Schultz Robert ConwayDrama Horror Thriller
Guillaume Canet,Guillaume Canet,Marion Cotillard,Gilles Lellouche,Comedy Music,rock'n roll,Guillaume CanetMarion CotillardGilles LelloucheGuillaume CanetComedy Music
Brian Goodman,Jonathan Rhys Meyers,Antonio Banderas,Piper Perabo,Thriller,black butterfly,Jonathan Rhys MeyersAntonio BanderasPiper PeraboBrian GoodmanThriller
Mary Mazzio,Jessica Chastain,unknown,unknown,Crime Documentary,i am jane doe,Jessica ChastainunknownunknownMary MazzioCrime Documentary
Patrick O'Dell,Steve Rocco,Jeff Tremaine,Johnny Knoxville,Documentary,dumb: the story of big brother magazine,Steve RoccoJeff TremaineJohnny KnoxvillePatrick O'DellDocumentary
Jamie M. Dagg,Jon Bernthal,Christopher Abbott,Rosemarie DeWitt,unknown,sweet virginia,Jon BernthalChristopher AbbottRosemarie DeWittJamie M. Daggunknown
Emer Reynolds,Frank Drake,John Casani,Lawrence Krauss,Documentary,the farthest,Frank DrakeJohn CasaniLawrence KraussEmer ReynoldsDocumentary
Toby Genkel Reza Memari,Tilman Döbler,Cooper Kelly Kramer,Shannon Conley,Adventure Animation,a stork's journey,Tilman DöblerCooper Kelly KramerShannon ConleyToby Genkel Reza MemariAdventure Animation
Nick Hamm,Timothy Spall,Colm Meaney,Freddie Highmore,Drama,the journey,Timothy SpallColm MeaneyFreddie HighmoreNick HammDrama
Roger Donaldson,Dwayne Cameron,Mario Andretti,Alastair Caldwell,Documentary,mclaren,Dwayne CameronMario AndrettiAlastair CaldwellRoger DonaldsonDocumentary
Blake Freeman,Danny Trejo,Casper Van Dien,Mindy Robinson,Comedy Action Adventure,all about the money,Danny TrejoCasper Van DienMindy RobinsonBlake FreemanComedy Action Adventure
unknown,Дмитрий Медведев,Алексей Навальный,unknown,Mystery Documentary,"don't call him ""dimon""",Дмитрий МедведевАлексей НавальныйunknownunknownMystery Documentary
Gerard Barrett,Chloë Grace Moretz,Thomas Mann,Richard Armitage,Drama,brain on fire,Chloë Grace MoretzThomas MannRichard ArmitageGerard BarrettDrama
Kim Joon-Sung,Go Soo,Sol Kyung-gu,Park Yoo-chun,Sci-Fi Thriller,lucid dream,Go SooSol Kyung-guPark Yoo-chunKim Joon-SungSci-Fi Thriller
Jason Bourque,Sean Bean,Mary McCormack,Joel David Moore,Thriller,drone,Sean BeanMary McCormackJoel David MooreJason BourqueThriller
Patrik Syversen,Marte Germaine Christensen,Patrick Stewart,Tom Rhys Harries,Adventure,dragonheart: battle for the heartfire,Marte Germaine ChristensenPatrick StewartTom Rhys HarriesPatrik SyversenAdventure
Nicole Jones-Dion,Anna Harr,Mark Grossman,Phyllis Spielman,Adventure Sci-Fi,stasis,Anna HarrMark GrossmanPhyllis SpielmanNicole Jones-DionAdventure Sci-Fi
Anita Barbosa,Isis Valverde,Gil Coelho,Joaquim Lopes,Romance,amor.com,Isis ValverdeGil CoelhoJoaquim LopesAnita BarbosaRomance
Frank Lotito,Roni Akurati,Brighton Sharbino,Jason Lee,Comedy Family Drama,growing up smith,Roni AkuratiBrighton SharbinoJason LeeFrank LotitoComedy Family Drama
Deb Shoval,Lola Kirke,Breeda Wool,Dale Soules,Drama,awol,Lola KirkeBreeda WoolDale SoulesDeb ShovalDrama
Oren Uziel,Rainn Wilson,Benjamin Walker,John Michael Higgins,Thriller Crime Drama Mystery,shimmer lake,Rainn WilsonBenjamin WalkerJohn Michael HigginsOren UzielThriller Crime Drama Mystery
Alan Mak Anthony Pun,Huang Xuan,Duan Yihong,Lang Yueting,Action Crime Thriller,extraordinary mission,Huang XuanDuan YihongLang YuetingAlan Mak Anthony PunAction Crime Thriller
Tommy Wirkola,Noomi Rapace,Marwan Kenzari,Christian Rubeck,Sci-Fi Thriller,what happened to monday,Noomi RapaceMarwan KenzariChristian RubeckTommy WirkolaSci-Fi Thriller
Ben Stassen Jérémie Degruson,Tom Beck,Cinda Adams,Bob Barlen,Animation Comedy,the son of bigfoot,Tom BeckCinda AdamsBob BarlenBen Stassen Jérémie DegrusonAnimation Comedy
Kentaro Hagiwara,Masataka Kubota,Yu Aoi,Fumika Shimizu,Action Drama Horror Thriller,tokyo ghoul,Masataka KubotaYu AoiFumika ShimizuKentaro HagiwaraAction Drama Horror Thriller
Ildikó Enyedi,Alexandra Borbély,Morcsányi Géza,Zoltán Schneider,Drama Romance,on body and soul,Alexandra BorbélyMorcsányi GézaZoltán SchneiderIldikó EnyediDrama Romance
David Leitch,Charlize Theron,James McAvoy,Sofia Boutella,Action Thriller,atomic blonde,Charlize TheronJames McAvoySofia BoutellaDavid LeitchAction Thriller
Gordon Chan,Vincent Zhao,Sammo Hung,Regina Wan,Action History,god of war,Vincent ZhaoSammo HungRegina WanGordon ChanAction History
Tommy Stovall,James Martinez,Trevor Sterling Stovall,Michael Chieffo,Drama Horror Mystery Thriller,aaron's blood,James MartinezTrevor Sterling StovallMichael ChieffoTommy StovallDrama Horror Mystery Thriller
Kim Tae-yoon,Jung Woo,Kang Ha-Neul,Kim Hae-sook,Drama,new trial,Jung WooKang Ha-NeulKim Hae-sookKim Tae-yoonDrama
Colin Day,unknown,unknown,unknown,Documentary,saving banksy,unknownunknownunknownColin DayDocumentary
David Leveaux,Lily James,Jai Courtney,Eddie Marsan,Drama,the exception,Lily JamesJai CourtneyEddie MarsanDavid LeveauxDrama
Jay Baruchel,Seann William Scott,Alison Pill,Marc-André Grondin,Comedy,goon: last of the enforcers,Seann William ScottAlison PillMarc-André GrondinJay BaruchelComedy
Christopher Nolan,Fionn Whitehead,Tom Glynn-Carney,Jack Lowden,Action Drama History Thriller War,dunkirk,Fionn WhiteheadTom Glynn-CarneyJack LowdenChristopher NolanAction Drama History Thriller War
Bharathan,Vijay,Keerthi Suresh,Jagapati Babu,Action,bairavaa,VijayKeerthi SureshJagapati BabuBharathanAction
Ryan White,unknown,unknown,unknown,Crime Documentary Drama,the keepers,unknownunknownunknownRyan WhiteCrime Documentary Drama
Alberto G. Rodriguez,Eric Roberts,Leila Almas,Jaime Zevallos,Thriller Drama Mystery,the summoning,Eric RobertsLeila AlmasJaime ZevallosAlberto G. RodriguezThriller Drama Mystery
Mark Cullen,Bruce Willis,Jason Momoa,John Goodman,Action Comedy Thriller,once upon a time in venice,Bruce WillisJason MomoaJohn GoodmanMark CullenAction Comedy Thriller
Carlo Guillermo Proto,Denis Harting,Peggy Roux,Lauviah Harting,Documentary,resurrecting hassan,Denis HartingPeggy RouxLauviah HartingCarlo Guillermo ProtoDocumentary
Oliver Stone,Vladimir Putin,Oliver Stone,unknown,Documentary,the putin interviews,Vladimir PutinOliver StoneunknownOliver StoneDocumentary
Bonni Cohen Jon Shenk,Al Gore,Barack Obama,Donald Trump,Documentary,an inconvenient sequel: truth to power,Al GoreBarack ObamaDonald TrumpBonni Cohen Jon ShenkDocumentary
Neill Blomkamp,Sigourney Weaver,Eugene Khumbanyiwa,Robert Hobbs,Action Sci-Fi,rakka,Sigourney WeaverEugene KhumbanyiwaRobert HobbsNeill BlomkampAction Sci-Fi
Thomas Q. Napper,Johnny Harris,Ian McShane,Ray Winstone,Action Drama,jawbone,Johnny HarrisIan McShaneRay WinstoneThomas Q. NapperAction Drama
Erik Nelson,unknown,unknown,unknown,Documentary,a gray state,unknownunknownunknownErik NelsonDocumentary
Sung-hoon Kim,Hyun Bin,Yoo Hae-jin,Kim Joo-hyuk,Action Drama Comedy,confidential assignment,Hyun BinYoo Hae-jinKim Joo-hyukSung-hoon KimAction Drama Comedy
Alex Merkin,Dolph Lundgren,Denise Richards,Greer Grammer,Action Thriller,altitude,Dolph LundgrenDenise RichardsGreer GrammerAlex MerkinAction Thriller
Yance Ford,unknown,unknown,unknown,Documentary,strong island,unknownunknownunknownYance FordDocumentary
David Firth,David Firth,Carla Simpson,Christian Webb,Animation Comedy Sci-Fi,cream,David FirthCarla SimpsonChristian WebbDavid FirthAnimation Comedy Sci-Fi
Hatem Khraiche,Clara Lago,Belén Rueda,Álex González,Drama Sci-Fi Romance,orbiter 9,Clara LagoBelén RuedaÁlex GonzálezHatem KhraicheDrama Sci-Fi Romance
John Scheinfeld,Denzel Washington,Common,Bill Clinton,Documentary,chasing trane,Denzel WashingtonCommonBill ClintonJohn ScheinfeldDocumentary
Shoujirou Nishimi Guillaume Renard,unknown,unknown,unknown,Sci-Fi Animation,mutafukaz,unknownunknownunknownShoujirou Nishimi Guillaume RenardSci-Fi Animation
Steve James,Neil Barofsky,Ti-Hua Chang,Jiayang Fan,Documentary,abacus: small enough to jail,Neil BarofskyTi-Hua ChangJiayang FanSteve JamesDocumentary
Michael Bay,Mark Wahlberg,Josh Duhamel,Laura Haddock,Action Sci-Fi Thriller Adventure,transformers: the last knight,Mark WahlbergJosh DuhamelLaura HaddockMichael BayAction Sci-Fi Thriller Adventure
Jonathan Teplitzky,Brian Cox,Miranda Richardson,John Slattery,Drama Thriller War,churchill,Brian CoxMiranda RichardsonJohn SlatteryJonathan TeplitzkyDrama Thriller War
Dan Sickles Antonio Santini,Dina Bruno,Scott Levin,unknown,Documentary,dina,Dina BrunoScott LevinunknownDan Sickles Antonio SantiniDocumentary
Kabir Khan,Salman Khan,Zhu Zhu,Sohail Khan,Drama History War,tubelight,Salman KhanZhu ZhuSohail KhanKabir KhanDrama History War
Ronnie Thompson,Matthew Goode,Joely Richardson,Larry Lamb,Crime,the hatton garden job,Matthew GoodeJoely RichardsonLarry LambRonnie ThompsonCrime
Joel Hopkins,Diane Keaton,Brendan Gleeson,James Norton,Romance Comedy,hampstead,Diane KeatonBrendan GleesonJames NortonJoel HopkinsRomance Comedy
Minhal Baig,Kyle Allen,Isabelle Fuhrman,Justin Chatwin,Drama Romance,1 night,Kyle AllenIsabelle FuhrmanJustin ChatwinMinhal BaigDrama Romance
Michael John Warren Alex Timbers,Nick Kroll,John Mulaney,Steve Martin,Comedy,"oh, hello: on broadway",Nick KrollJohn MulaneySteve MartinMichael John Warren Alex TimbersComedy
Douglas Barr,Courtney Thorne-Smith,James Tupper,Adam DiMarco,Mystery,site unseen: an emma fielding mystery,Courtney Thorne-SmithJames TupperAdam DiMarcoDouglas BarrMystery
Phil Guidry Simon Herbert David Whelan,Monica Davis,Edward L. Green,Patrick Pedraza,Horror Mystery,savageland,Monica DavisEdward L. GreenPatrick PedrazaPhil Guidry Simon Herbert David WhelanHorror Mystery
Léa Mysius,Noée Abita,Laure Calamy,Juan Cano,Drama,ava,Noée AbitaLaure CalamyJuan CanoLéa MysiusDrama
Brent Bonacorso,Bella Thorne,Halston Sage,Taylor John Smith,Thriller Romance Drama,you get me,Bella ThorneHalston SageTaylor John SmithBrent BonacorsoThriller Romance Drama
John Shea,Eric Dane,Natalie Zea,Amy Madigan,Thriller,grey lady,Eric DaneNatalie ZeaAmy MadiganJohn SheaThriller
Joshua Safdie Ben Safdie,Robert Pattinson,Jennifer Jason Leigh,Ben Safdie,Drama Thriller Crime,good time,Robert PattinsonJennifer Jason LeighBen SafdieJoshua Safdie Ben SafdieDrama Thriller Crime
Jason Flemyng,Charlie Cox,Tony Curran,Mackenzie Crook,Action Comedy Horror,eat locals,Charlie CoxTony CurranMackenzie CrookJason FlemyngAction Comedy Horror
Marc Waltman,Sanne Langelaar,Fockeline Ouwerkerk,Imanuelle Grives,Romance Drama,tuintje in mijn hart,Sanne LangelaarFockeline OuwerkerkImanuelle GrivesMarc WaltmanRomance Drama
Víctor García León,Santiago Alverú,Pepe Ocio,Alicia Rubio,Comedy,selfie,Santiago AlverúPepe OcioAlicia RubioVíctor García LeónComedy
Han Han,Eddie Peng,Deng Chao,Zhao Liying,Comedy Drama,duckweed,Eddie PengDeng ChaoZhao LiyingHan HanComedy Drama
K. V. Anand,Vijay Sethupathi,Madonna Sebastian,T. Rajendar,Thriller Drama,kavan,Vijay SethupathiMadonna SebastianT. RajendarK. V. AnandThriller Drama
Sebastian Junger Nick Quested,Sebastian Junger,unknown,unknown,Documentary,hell on earth: the fall of syria and the rise of isis,Sebastian JungerunknownunknownSebastian Junger Nick QuestedDocumentary
Andrew J. Cohen,Amy Poehler,Will Ferrell,Allison Tolman,Comedy,the house,Amy PoehlerWill FerrellAllison TolmanAndrew J. CohenComedy
Laurent Bouzereau,Guillermo del Toro,Steven Spielberg,Paul Greengrass,War Documentary,five came back,Guillermo del ToroSteven SpielbergPaul GreengrassLaurent BouzereauWar Documentary
Bailey Kobe,Julie McNiven,Shaun Sipos,Jessica Camacho,Romance Action Adventure Comedy Drama,the babymoon,Julie McNivenShaun SiposJessica CamachoBailey KobeRomance Action Adventure Comedy Drama
Greg Barker,Jason Amerine,George W. Bush,Mark Nutsch,Documentary,legion of brothers,Jason AmerineGeorge W. BushMark NutschGreg BarkerDocumentary
Carla Simón,Laia Artigas,Bruna Cusí,David Verdaguer,Drama Family,summer 1993,Laia ArtigasBruna CusíDavid VerdaguerCarla SimónDrama Family
Volker Schlöndorff,Stellan Skarsgård,Nina Hoss,Bronagh Gallagher,Drama,return to montauk,Stellan SkarsgårdNina HossBronagh GallagherVolker SchlöndorffDrama
Philippe Falardeau,Liev Schreiber,Naomi Watts,Elisabeth Moss,Drama,chuck,Liev SchreiberNaomi WattsElisabeth MossPhilippe FalardeauDrama
Paul Currie,Michiel Huisman,Teresa Palmer,Sam Reid,Drama Thriller,2:22,Michiel HuismanTeresa PalmerSam ReidPaul CurrieDrama Thriller
Christian Duguay,Dorian Le Clech,Batyste Fleurial,Patrick Bruel,Drama,a bag of marbles,Dorian Le ClechBatyste FleurialPatrick BruelChristian DuguayDrama
Justin Hunt,James Hetfield,unknown,unknown,Documentary,addicted to porn: chasing the cardboard butterfly,James HetfieldunknownunknownJustin HuntDocumentary
Brad Epstein,Alex Meneses,Faizon Love,Russell Peters,Comedy,ripped,Alex MenesesFaizon LoveRussell PetersBrad EpsteinComedy
Neill Blomkamp,Steve Boyle,Nic Rhind,Robert Hobbs,Action Sci-Fi War,firebase,Steve BoyleNic RhindRobert HobbsNeill BlomkampAction Sci-Fi War
Andrew Kötting,unknown,unknown,unknown,Documentary,edith walks,unknownunknownunknownAndrew KöttingDocumentary
Matthew Heineman,unknown,unknown,unknown,Documentary,city of ghosts,unknownunknownunknownMatthew HeinemanDocumentary
Jeff Orlowski,Andrew Ackerman,Pim Bongaerts,Neal Cantin,Documentary,chasing coral,Andrew AckermanPim BongaertsNeal CantinJeff OrlowskiDocumentary
Barbara Kopple,Gigi Lazzarato,unknown,unknown,Documentary,this is everything: gigi gorgeous,Gigi LazzaratounknownunknownBarbara KoppleDocumentary
Alexandre O. Philippe,Guillermo del Toro,Peter Bogdanovich,Karyn Kusama,Documentary,78/52,Guillermo del ToroPeter BogdanovichKaryn KusamaAlexandre O. PhilippeDocumentary
Marina Zenovich,unknown,unknown,unknown,Documentary,water & power: a california heist,unknownunknownunknownMarina ZenovichDocumentary
Kip Andersen Keegan Kuhn,Kip Andersen,Larry Baldwin,Neal Barnard,Documentary,what the health,Kip AndersenLarry BaldwinNeal BarnardKip Andersen Keegan KuhnDocumentary
Joe Piscatella,unknown,unknown,unknown,Documentary,joshua: teenager vs. superpower,unknownunknownunknownJoe PiscatellaDocumentary
Joe Miale,Lee Pace,Bérénice Marlohe,Jason Flemyng,Sci-Fi,revolt,Lee PaceBérénice MarloheJason FlemyngJoe MialeSci-Fi
Timothy Woodward Jr.,Luke Hemsworth,Trace Adkins,Bruce Dern,Western,hickok,Luke HemsworthTrace AdkinsBruce DernTimothy Woodward Jr.Western
Joshua Tunick,Anthony Rapp,Alona Tal,Alyson Hannigan,Drama,do you take this man,Anthony RappAlona TalAlyson HanniganJoshua TunickDrama
Nikolaj Arcel,Idris Elba,Matthew McConaughey,Tom Taylor,Action Western Sci-Fi Fantasy Horror,the dark tower,Idris ElbaMatthew McConaugheyTom TaylorNikolaj ArcelAction Western Sci-Fi Fantasy Horror
300ml,Selton Mello,Ralph Ineson,Seu Jorge,Drama,soundtrack,Selton MelloRalph InesonSeu Jorge300mlDrama
Mohammad Hossein Mahdavian,Mehrdad Sedighian,Babak Hamidian,Javad Ezati,Action Crime History,midday event,Mehrdad SedighianBabak HamidianJavad EzatiMohammad Hossein MahdavianAction Crime History
Jonathan Baker,Nicolas Cage,Gina Gershon,Nicky Whelan,Thriller Drama,inconceivable,Nicolas CageGina GershonNicky WhelanJonathan BakerThriller Drama
Alain Desrochers,Patrick Huard,Colm Feore,Erik Knudsen,Crime Comedy Action,bon cop bad cop 2,Patrick HuardColm FeoreErik KnudsenAlain DesrochersCrime Comedy Action
Alain Desrochers,Antonio Banderas,Ben Kingsley,Liam McIntyre,Action,security,Antonio BanderasBen KingsleyLiam McIntyreAlain DesrochersAction
Antonio Negret,Scott Eastwood,Freddie Thorp,Ana de Armas,Thriller Action,overdrive,Scott EastwoodFreddie ThorpAna de ArmasAntonio NegretThriller Action
Dan Harris,Liam James,Sarah Steele,Austin P. McKenzie,Comedy Drama,speech & debate,Liam JamesSarah SteeleAustin P. McKenzieDan HarrisComedy Drama
Jake Szymanski,Orlando Bloom,Andy Samberg,John Cena,Comedy TV Movie,tour de pharmacy,Orlando BloomAndy SambergJohn CenaJake SzymanskiComedy TV Movie
Shinobu Yaguchi,Fumiyo Kohinata,Eri Fukatsu,Yuki Izumisawa,unknown,survival family,Fumiyo KohinataEri FukatsuYuki IzumisawaShinobu Yaguchiunknown
Wayne Blair,Abigail Breslin,Colt Prattes,Sarah Hyland,Music Drama Romance TV Movie,dirty dancing,Abigail BreslinColt PrattesSarah HylandWayne BlairMusic Drama Romance TV Movie
Clay Staub,Milo Ventimiglia,Bridget Regan,Amanda Schull,Sci-Fi Thriller,devil's gate,Milo VentimigliaBridget ReganAmanda SchullClay StaubSci-Fi Thriller
Molly Smith Maurice Smith,Karolina Antosik,Amelie Leroy,Tessa McGinn,Fantasy Drama,abduction,Karolina AntosikAmelie LeroyTessa McGinnMolly Smith Maurice SmithFantasy Drama
Vanessa Gould,William McDonald,Bruce Weber,Margalit Fox,Documentary,obit,William McDonaldBruce WeberMargalit FoxVanessa GouldDocumentary
Craig Thompson,William Shatner,Neil deGrasse Tyson,Chris Hadfield,Documentary,the truth is in the stars,William ShatnerNeil deGrasse TysonChris HadfieldCraig ThompsonDocumentary
Anthony Leondis,T.J. Miller,James Corden,Anna Faris,Comedy Family Animation,the emoji movie,T.J. MillerJames CordenAnna FarisAnthony LeondisComedy Family Animation
Abel Vang Burlee Vang,Saxon Sharbino,Bonnie Morgan,Brandon Soo Hoo,Horror Thriller,bedeviled,Saxon SharbinoBonnie MorganBrandon Soo HooAbel Vang Burlee VangHorror Thriller
Ernie Barbarash,Adam Rayner,Eliza Dushku,Ian Ogilvy,Action Adventure Crime,the saint,Adam RaynerEliza DushkuIan OgilvyErnie BarbarashAction Adventure Crime
Riccardo Milani,Paola Cortellesi,Antonio Albanese,Carlo Buccirosso,Comedy,mom or dad?,Paola CortellesiAntonio AlbaneseCarlo BuccirossoRiccardo MilaniComedy
John Jencks,Roger Allam,Matthew Modine,Tim McInnerny,Comedy,the hippopotamus,Roger AllamMatthew ModineTim McInnernyJohn JencksComedy
Taylor Sheridan,Jeremy Renner,Elizabeth Olsen,Gil Birmingham,Action Crime Mystery Thriller,wind river,Jeremy RennerElizabeth OlsenGil BirminghamTaylor SheridanAction Crime Mystery Thriller
Scott Moran,Rory Scovel,unknown,unknown,Comedy,rory scovel tries stand-up for the first time,Rory ScovelunknownunknownScott MoranComedy
Tarik Saleh,Fares Fares,Mari Malek,Mohamed Yousry,Thriller Drama,the nile hilton incident,Fares FaresMari MalekMohamed YousryTarik SalehThriller Drama
Roman Volobuev,Svetlana Ustinova,Anna Chipovskaya,Yevgeni Tsyganov,Comedy Crime,blockbuster,Svetlana UstinovaAnna ChipovskayaYevgeni TsyganovRoman VolobuevComedy Crime
Ric Roman Waugh,Nikolaj Coster-Waldau,Jon Bernthal,Lake Bell,Drama Crime Thriller,shot caller,Nikolaj Coster-WaldauJon BernthalLake BellRic Roman WaughDrama Crime Thriller
Mike Birbiglia Seth Barrish,Mike Birbiglia,Jimmy Kimmel,unknown,Comedy,mike birbiglia: thank god for jokes,Mike BirbigliaJimmy KimmelunknownMike Birbiglia Seth BarrishComedy
Bill D'Elia,Chris D'Elia,unknown,unknown,Comedy,chris d'elia: man on fire,Chris D'EliaunknownunknownBill D'EliaComedy
Tony Giglio,Adrianne Palicki,Michael Jai White,Ty Olsson,Action Crime Thriller,s.w.a.t.: under siege,Adrianne PalickiMichael Jai WhiteTy OlssonTony GiglioAction Crime Thriller
Manuk Depoyan,Arsen Shavlyuk,Vasyl Virastyuk,Ruslana Pysanka,Family Comedy Animation Fantasy Adventure,the dragon spell,Arsen ShavlyukVasyl VirastyukRuslana PysankaManuk DepoyanFamily Comedy Animation Fantasy Adventure
Brett M. Butler Jason G. Butler,Dylan Bruce,Percy Hynes White,unknown,Action Comedy,first round down,Dylan BrucePercy Hynes WhiteunknownBrett M. Butler Jason G. ButlerAction Comedy
Neill Blomkamp,Dakota Fanning,Jose Pablo Cantillo,unknown,Horror Sci-Fi,zygote,Dakota FanningJose Pablo CantillounknownNeill BlomkampHorror Sci-Fi
John R. Leonetti,Joey King,Ryan Phillippe,Sherilyn Fenn,Fantasy Horror Thriller,wish upon,Joey KingRyan PhillippeSherilyn FennJohn R. LeonettiFantasy Horror Thriller
Malcolm D. Lee,Regina Hall,Queen Latifah,Jada Pinkett Smith,Comedy,girls trip,Regina HallQueen LatifahJada Pinkett SmithMalcolm D. LeeComedy
Gillian Robespierre,Jenny Slate,Edie Falco,Abby Quinn,Comedy,landline,Jenny SlateEdie FalcoAbby QuinnGillian RobespierreComedy
Kathryn Bigelow,John Boyega,Will Poulter,Algee Smith,Thriller Crime Drama History,detroit,John BoyegaWill PoulterAlgee SmithKathryn BigelowThriller Crime Drama History
Kogonada,John Cho,Haley Lu Richardson,Parker Posey,Drama,columbus,John ChoHaley Lu RichardsonParker PoseyKogonadaDrama
Heber Cannon Marston Sawyers Ian Wittenber Mariah Moore,Matt Fraser,Ben Smith,Sara Sigmundsdottir,Documentary,fittest on earth: a decade of fitness,Matt FraserBen SmithSara SigmundsdottirHeber Cannon Marston Sawyers Ian Wittenber Mariah MooreDocumentary
Emilis Velyvis,Inga Jankauskaitė,Mindaugas Papinigis,Ramūnas Rudokas,Thriller,zero 3,Inga JankauskaitėMindaugas PapinigisRamūnas RudokasEmilis VelyvisThriller
Tommy Bertelsen,Troian Bellisario,Tom Felton,Ben Winchell,Drama,feed,Troian BellisarioTom FeltonBen WinchellTommy BertelsenDrama
Ibai Abad,Lewis Rainer,Joséphine Berry,Charlotte Atkinson,Drama Music Romance,the girl from the song,Lewis RainerJoséphine BerryCharlotte AtkinsonIbai AbadDrama Music Romance
Julian Radlmaier,Julian Radlmaier,Deragh Campbell,Beniamin Forthi,Comedy,self-criticism of a bourgeois dog,Julian RadlmaierDeragh CampbellBeniamin ForthiJulian RadlmaierComedy
Pierre Coré,Omar Sy,Louane Emera,Franck Gastambide,Adventure Animation Comedy Family,sahara,Omar SyLouane EmeraFranck GastambidePierre CoréAdventure Animation Comedy Family
François Ozon,Marine Vacth,Jérémie Renier,Jacqueline Bisset,Thriller,the double lover,Marine VacthJérémie RenierJacqueline BissetFrançois OzonThriller
Steven C. Miller,Bruce Willis,Hayden Christensen,Gethin Anthony,Action Thriller,first kill,Bruce WillisHayden ChristensenGethin AnthonySteven C. MillerAction Thriller
T.J. Martin Daniel Lindsay,Rodney King,Tom Brokaw,George H. W. Bush,Documentary,la 92,Rodney KingTom BrokawGeorge H. W. BushT.J. Martin Daniel LindsayDocumentary
Kenny Ortega,Dove Cameron,Sofia Carson,Cameron Boyce,TV Movie Family Action Comedy Music Adventure,descendants 2,Dove CameronSofia CarsonCameron BoyceKenny OrtegaTV Movie Family Action Comedy Music Adventure
unknown,Ivanka Trump,Matt Frei,unknown,Documentary TV Movie,ivanka trump- america's real first lady?,Ivanka TrumpMatt FreiunknownunknownDocumentary TV Movie
Kimberly Senior,Chris Gethard,unknown,unknown,Comedy,chris gethard: career suicide,Chris GethardunknownunknownKimberly SeniorComedy
Dave Mullins,unknown,unknown,unknown,Animation,lou,unknownunknownunknownDave MullinsAnimation
Maria Sadowska,Magdalena Boczarska,Piotr Adamczyk,Justyna Wasilewska,Drama,the art of loving. story of michalina wislocka,Magdalena BoczarskaPiotr AdamczykJustyna WasilewskaMaria SadowskaDrama
Sam Garbarski,Anatole Taubman,Moritz Bleibtreu,Joel Basman,Comedy Drama War,bye bye germany,Anatole TaubmanMoritz BleibtreuJoel BasmanSam GarbarskiComedy Drama War
Timothy Woodward Jr.,Kaiwi Lyman,Bruce Dern,Denise Richards,Crime Drama Thriller,american violence,Kaiwi LymanBruce DernDenise RichardsTimothy Woodward Jr.Crime Drama Thriller
Philippe de Chauveron,Christian Clavier,Ary Abittan,Elsa Zylberstein,Comedy,with open arms,Christian ClavierAry AbittanElsa ZylbersteinPhilippe de ChauveronComedy
Thomas Kruithof,François Cluzet,Denis Podalydès,Sami Bouajila,Thriller,scribe,François CluzetDenis PodalydèsSami BouajilaThomas KruithofThriller
Todd Grimes,Grey Griffin,Tara Strong,Anais Fairweather,Animation,lego dc super hero girls: brain drain,Grey GriffinTara StrongAnais FairweatherTodd GrimesAnimation
Pat Healy,Taylor Schilling,Pat Healy,Alycia Delmore,Comedy Crime,take me,Taylor SchillingPat HealyAlycia DelmorePat HealyComedy Crime
Anshai Lal,Anushka Sharma,Diljit Dosanjh,Suraj Sharma,Fantasy Comedy Romance Drama,phillauri,Anushka SharmaDiljit DosanjhSuraj SharmaAnshai LalFantasy Comedy Romance Drama
Jim Strouse,Jessica Williams,Chris O'Dowd,Keith Stanfield,Romance Comedy,the incredible jessica james,Jessica WilliamsChris O'DowdKeith StanfieldJim StrouseRomance Comedy
Farhad Mann,Adelaide Kane,Benjamin Hollingsworth,Jean Louisa Kelly,Romance,can't buy my love,Adelaide KaneBenjamin HollingsworthJean Louisa KellyFarhad MannRomance
Hannaleena Hauru,Inka Haapamäki,Rosa Honkonen,Tiitus Rantala,Romance Comedy,thick lashes of lauri mäntyvaara,Inka HaapamäkiRosa HonkonenTiitus RantalaHannaleena HauruRomance Comedy
Jonathan A. Rosenbaum,Lou Diamond Phillips,Wallace Shawn,Gina Holden,Crime Comedy Action Family,cop and a half: new recruit,Lou Diamond PhillipsWallace ShawnGina HoldenJonathan A. RosenbaumCrime Comedy Action Family
Beth David Esteban Bravo,unknown,unknown,unknown,Family Animation Romance Comedy,in a heartbeat,unknownunknownunknownBeth David Esteban BravoFamily Animation Romance Comedy
Ravi Udyawar,Sridevi Kapoor,Sajal Ali,Akshaye Khanna,Crime Drama Thriller,mom,Sridevi KapoorSajal AliAkshaye KhannaRavi UdyawarCrime Drama Thriller
Daisy Asquith,unknown,unknown,unknown,unknown,queerama,unknownunknownunknownDaisy Asquithunknown
